filename,RawCellIntDen,RawCellMean,CellVolume_um3,ItemName,RawMitoIntDen,RawMitoMean,MitoVolume_um3,ExtracellularBackground,CellIntDenCorr,MitoIntDenCorr,FractionInMito,MitoMeanCorr,MitoThresh,Temp
GTY029 colony 25C 01 m-25.csv,107000000,664.05,192.64,GTY029 colony 25C,3642809.79,898.7849357646083,4.826,538.44,20322088.1834215,1460506.1392458212,0.07186791662666257,360.3449357646083,-25,25
GTY029 colony 25C 01 m-35.csv,107000000,664.05,192.64,GTY029 colony 25C,4177782.18,893.6577685950414,5.566,538.44,20322088.1834215,1660487.1924078274,0.08170849262244771,355.2177685950413,-35,25
GTY029 colony 25C 01 m-50.csv,107000000,664.05,192.64,GTY029 colony 25C,5364323.9399999995,880.258747947738,7.2481,538.44,20322088.1834215,2080739.4532627861,0.10238807323748486,341.81874794773796,-50,25
GTY029 colony 25C 02 m-25.csv,128000000,722.15,210.46,GTY029 colony 25C,4029680.4899999998,1064.384412677305,4.5120000000000005,538.44,32471324.934912223,1992996.716217351,0.06137712952003812,525.9444126773049,-25,25
GTY029 colony 25C 02 m-35.csv,128000000,722.15,210.46,GTY029 colony 25C,4559888.529999999,1058.576185185185,5.13,538.44,32471324.934912223,2240949.5506844707,0.06901318486930809,520.136185185185,-35,25
GTY029 colony 25C 02 m-50.csv,128000000,722.15,210.46,GTY029 colony 25C,5689651.04,1047.2280358799878,6.466,538.44,32471324.934912223,2762932.2583354334,0.08508837455427663,508.7880358799878,-50,25
GTY029 colony 25C 03 m-25.csv,166000000,723.5,273.5,GTY029 colony 25C,6720806.69,987.9345524138782,8.099,538.44,42507692.95372469,3057408.5663895183,0.07192600571661033,449.4945524138782,-25,25
GTY029 colony 25C 03 m-35.csv,166000000,723.5,273.5,GTY029 colony 25C,7714752.33,981.8044058559519,9.358,538.44,42507692.95372469,3484508.3648274103,0.08197359401792903,443.3644058559519,-35,25
GTY029 colony 25C 03 m-50.csv,166000000,723.5,273.5,GTY029 colony 25C,9906304.45,969.4818930244022,12.171,538.44,42507692.95372469,4405988.813303097,0.10365156297942599,431.04189302440216,-50,25
GTY029 colony 25C 04 m-25.csv,133000000,709.17,223.07,GTY029 colony 25C,1534842.32,1229.8583984112022,1.4854,538.44,31985169.31216929,862545.4682119759,0.026967044000727115,691.4183984112021,-25,25
GTY029 colony 25C 04 m-35.csv,133000000,709.17,223.07,GTY029 colony 25C,1977035.96,1186.0318430068521,1.9848000000000001,538.44,31985169.31216929,1079482.9008146469,0.033749482151527635,647.5918430068521,-35,25
GTY029 colony 25C 04 m-50.csv,133000000,709.17,223.07,GTY029 colony 25C,2855638.5,1134.9087623977293,2.9945,538.44,31985169.31216929,1500063.5836062822,0.04689872262253613,596.4687623977293,-50,25
GTY029 colony 25C 05 m-25.csv,215000000,733.17,348.49,GTY029 colony 25C,8573499.06,1046.7770046550734,9.7528,538.44,56992909.8009574,4163692.9024943304,0.073056331340787,508.3370046550733,-25,25
GTY029 colony 25C 05 m-35.csv,215000000,733.17,348.49,GTY029 colony 25C,10170894.08,1027.4932281714043,11.785,538.44,56992909.8009574,4840423.52733686,0.08493027543674474,489.05322817140427,-35,25
GTY029 colony 25C 05 m-50.csv,215000000,733.17,348.49,GTY029 colony 25C,13538866.35,995.5063956288202,16.197,538.44,56992909.8009574,6217438.82590073,0.1090914439640751,457.06639562882015,-50,25
GTY029 colony 25C 10 01 m-25.csv,127000000,633.83,237.64,GTY029 colony 25C 10,2093663.93,872.717570878544,2.8569999999999998,509.94,24725975.98051567,870458.9905097843,0.035204231824689756,362.77757087854405,-25,25
GTY029 colony 25C 10 01 m-35.csv,127000000,633.83,237.64,GTY029 colony 25C 10,2442973.85,868.8080597014925,3.35,509.94,24725975.98051567,1009664.9029982364,0.040834177942818635,358.86805970149254,-35,25
GTY029 colony 25C 10 01 m-50.csv,127000000,633.83,237.64,GTY029 colony 25C 10,3119059.65,857.8986446548142,4.3309999999999995,509.94,24725975.98051567,1265649.525489208,0.051187040159165136,347.95864465481424,-50,25
GTY029 colony 25C 10 02 m-25.csv,138000000,658.35,250.45,GTY029 colony 25C 10,2897465.89,970.3206696679798,3.554,509.94,31216330.30990174,1374143.696984967,0.0440200268046591,460.3806696679798,-25,25
GTY029 colony 25C 10 02 m-35.csv,138000000,658.35,250.45,GTY029 colony 25C 10,3277175.82,962.4272080967662,4.051,509.94,31216330.30990174,1539452.1541950111,0.049315603048533246,452.4872080967662,-35,25
GTY029 colony 25C 10 02 m-50.csv,138000000,658.35,250.45,GTY029 colony 25C 10,4048057.5799999996,949.3587672311934,5.078,509.94,31216330.30990174,1873997.2285210378,0.06003259223351474,439.4187672311934,-50,25
GTY029 colony 25C 10 03 m-25.csv,84474000,673.8,149.28,GTY029 colony 25C 10,2751352,942.57,3.48,509.94,20543395.31368102,1264426.3038548753,0.061549042139729525,432.63000000000005,-25,25
GTY029 colony 25C 10 03 m-35.csv,84474000,673.8,149.28,GTY029 colony 25C 10,3151513.5,934.89,4.01,509.94,20543395.31368102,1431132.527084908,0.06966387518872477,424.95,-35,25
GTY029 colony 25C 10 03 m-50.csv,84474000,673.8,149.28,GTY029 colony 25C 10,3843350.5,922.55,4.96,509.94,20543395.31368102,1718775.1742672373,0.0836655843896752,412.60999999999996,-50,25
GTY029 colony 25C 10 04 m-25.csv,127000000,650.9,232.79,GTY029 colony 25C 10,2393322.42,886.1026178173443,3.2126,509.94,27558644.83077181,1014915.6177038718,0.036827486399861845,376.16261781734426,-25,25
GTY029 colony 25C 10 04 m-35.csv,127000000,650.9,232.79,GTY029 colony 25C 10,2783369.5300000003,883.0543294305481,3.758,509.94,27558644.83077181,1177596.0779373478,0.04273055098204435,373.11432943054814,-35,25
GTY029 colony 25C 10 04 m-50.csv,127000000,650.9,232.79,GTY029 colony 25C 10,3569044.59,878.424337673073,4.839,509.94,27558644.83077181,1497518.8628537836,0.054339350575818714,368.48433767307296,-50,25
GTY029 colony 25C 11 01 m-25.csv,129000000,639.42,239.87,GTY029 colony 25C 11,2056409.5699999998,891.37229143898,2.745,506.45,26787195.683211546,887386.9908457212,0.03312728220378355,384.92229143898004,-25,25
GTY029 colony 25C 11 01 m-35.csv,129000000,639.42,239.87,GTY029 colony 25C 11,2410277.9699999997,886.4497619783616,3.235,506.45,26787195.683211546,1032417.2587553537,0.03854144610599926,379.9997619783616,-35,25
GTY029 colony 25C 11 01 m-50.csv,129000000,639.42,239.87,GTY029 colony 25C 11,3084354.02,875.4938580614432,4.199,506.45,26787195.683211546,1301432.0651717477,0.04858411013092347,369.04385806144325,-50,25
GTY029 colony 25C 11 02 m-25.csv,110000000,675.62,194.19,GTY029 colony 25C 11,2619631.14,1018.9126284798325,3.0568999999999997,506.45,27589755.857898716,1315652.1449567482,0.04768625542513048,512.4626284798326,-25,25
GTY029 colony 25C 11 02 m-35.csv,110000000,675.62,194.19,GTY029 colony 25C 11,2985252.27,1009.2153926850015,3.527,506.45,27589755.857898716,1489252.994037121,0.05397847671097678,502.7653926850015,-35,25
GTY029 colony 25C 11 02 m-50.csv,110000000,675.62,194.19,GTY029 colony 25C 11,3813828.09,991.8544252622378,4.576,506.45,27589755.857898716,1865466.2383471907,0.06761445255098636,485.4044252622378,-50,25
GTY029 colony 25C 11 03 m-25.csv,142000000,653.19,258.95,GTY029 colony 25C 11,2944120.94,913.1968732101016,3.841,506.45,31912591.752750497,1312097.7072310406,0.041115360275241604,406.74687321010157,-25,25
GTY029 colony 25C 11 03 m-35.csv,142000000,653.19,258.95,GTY029 colony 25C 11,3341354.07,908.4694180739389,4.382,506.45,31912591.752750497,1479507.0882674058,0.04636123257334276,402.0194180739389,-35,25
GTY029 colony 25C 11 03 m-50.csv,142000000,653.19,258.95,GTY029 colony 25C 11,4106017.44,897.2892536218595,5.453,506.45,31912591.752750497,1789910.5148232132,0.05608790814268301,390.83925362185954,-50,25
GTY029 colony 25C 11 04 m-25.csv,157000000,700.8,266.5,GTY029 colony 25C 11,1868214.65,1102.1700094129305,2.0185,506.45,43499013.18552111,1009877.2478374066,0.02321609558199242,595.7200094129305,-25,25
GTY029 colony 25C 11 04 m-35.csv,157000000,700.8,266.5,GTY029 colony 25C 11,2355377.0100000002,1093.9961534560773,2.5636,506.45,43499013.18552111,1264998.1683043584,0.02908107737776038,587.5461534560773,-35,25
GTY029 colony 25C 11 04 m-50.csv,157000000,700.8,266.5,GTY029 colony 25C 11,3331977.45,1073.7919981047787,3.6935000000000002,506.45,43499013.18552111,1759870.3871672128,0.0404577083084955,567.3419981047787,-50,25
GTY029 colony 25C 11 05 m-25.csv,156000000,710.73,261.7,GTY029 colony 25C 11,5007774.18,1123.5387107095803,5.313,506.45,44898023.01167381,2753499.8908205256,0.06132786492858708,617.0887107095803,-25,25
GTY029 colony 25C 11 05 m-35.csv,156000000,710.73,261.7,GTY029 colony 25C 11,5577680.149999999,1114.6375591343733,5.961,506.45,44898023.01167381,3044768.6570924656,0.067815205500269,608.1875591343733,-35,25
GTY029 colony 25C 11 05 m-50.csv,156000000,710.73,261.7,GTY029 colony 25C 11,6701239.1,1094.9893323279407,7.2940000000000005,506.45,44898023.01167381,3605279.155118837,0.08029928520864801,588.5393323279407,-50,25
GTY029 colony 25C 11 06 m-25.csv,152000000,664.35,272.15,GTY029 colony 25C 11,2539202.18,923.072673176686,3.277,506.45,36090102.460737385,1146613.3366927018,0.03177085290738946,416.62267317668596,-25,25
GTY029 colony 25C 11 06 m-35.csv,152000000,664.35,272.15,GTY029 colony 25C 11,2983645.83,914.9179081764252,3.877,506.45,36090102.460737385,1329999.2273452592,0.03685218762657082,408.46790817642517,-35,25
GTY029 colony 25C 11 06 m-50.csv,152000000,664.35,272.15,GTY029 colony 25C 11,3950884.73,905.122920915913,5.197,506.45,36090102.460737385,1740071.529352482,0.04821464641851641,398.67292091591304,-50,25
GTY029 colony 25C 11 07 m-25.csv,139000000,643.28,257.52,GTY029 colony 25C 11,3678266.53,863.0274926125843,5.0762,506.45,29593064.247921385,1520163.490383808,0.05136891123029222,356.5774926125843,-25,25
GTY029 colony 25C 11 07 m-35.csv,139000000,643.28,257.52,GTY029 colony 25C 11,4174912.9699999997,859.0096818810512,5.784,506.45,29593064.247921385,1712610.397245318,0.05787201970359023,352.5596818810512,-35,25
GTY029 colony 25C 11 07 m-50.csv,139000000,643.28,257.52,GTY029 colony 25C 11,5247869.41,849.5609472682794,7.3580000000000005,506.45,29593064.247921385,2120274.082472495,0.07164766935622163,343.1109472682794,-50,25
GTY029 colony 25C 12 01 m-25.csv,126000000,594.96,251.92,GTY029 colony 25C 12,1946871.14,722.1415361380125,3.2113,512.82,17378608.213655826,564537.0361971945,0.03248459423543426,209.32153613801245,-25,25
GTY029 colony 25C 12 01 m-35.csv,126000000,594.96,251.92,GTY029 colony 25C 12,2204505.6399999997,719.7228798683489,3.6460000000000004,512.82,17378608.213655826,633549.9286134206,0.03645573459188679,206.9028798683488,-35,25
GTY029 colony 25C 12 01 m-50.csv,126000000,594.96,251.92,GTY029 colony 25C 12,2677735.73,716.5687224471435,4.446,512.82,17378608.213655826,760785.101200974,0.043777101816655346,203.74872244714345,-50,25
GTY029 colony 25C 12 02 m-25.csv,117000000,595.82,233.47,GTY029 colony 25C 12,1429297.88,737.132750108272,2.3089999999999997,512.82,16274468.799865626,434986.2601830855,0.0267281387510895,224.31275010827198,-25,25
GTY029 colony 25C 12 02 m-35.csv,117000000,595.82,233.47,GTY029 colony 25C 12,1643039.72,733.8321642910728,2.666,512.82,16274468.799865626,494850.44931552856,0.03040655000178036,221.01216429107274,-35,25
GTY029 colony 25C 12 02 m-50.csv,117000000,595.82,233.47,GTY029 colony 25C 12,2077175.8800000001,732.1427534084173,3.374,512.82,16274468.799865626,621478.9367598891,0.03818735618363289,219.32275340841727,-50,25
GTY029 colony 25C 12 03 m-25.csv,142000000,604.03,279.33,GTY029 colony 25C 12,1503199.56,748.5809619406106,2.391,512.82,21397236.331569646,473422.74292433,0.0221254154316106,235.7609619406105,-25,25
GTY029 colony 25C 12 03 m-35.csv,142000000,604.03,279.33,GTY029 colony 25C 12,1707440.87,748.2204157468727,2.718,512.82,21397236.331569646,537346.3760812966,0.025112886905328594,235.40041574687268,-35,25
GTY029 colony 25C 12 03 m-50.csv,142000000,604.03,279.33,GTY029 colony 25C 12,2152867.91,747.5256045560748,3.424,512.82,21397236.331569646,674923.9858906524,0.03154257752880284,234.70560455607472,-50,25
GTY029 colony 25C 12 04 m-25.csv,151000000,654.24,274.18,GTY029 colony 25C 12,1908165.79,878.5699261464699,2.5862,512.82,32564487.780297294,794408.7167212566,0.024394939729465142,365.7499261464699,-25,25
GTY029 colony 25C 12 04 m-35.csv,151000000,654.24,274.18,GTY029 colony 25C 12,2176896.43,875.3028862323979,2.9613,512.82,32564487.780297294,901503.7969261776,0.027683647383258406,362.48288623239785,-35,25
GTY029 colony 25C 12 04 m-50.csv,151000000,654.24,274.18,GTY029 colony 25C 12,2733054.52,864.3427801821417,3.7662999999999998,512.82,32564487.780297294,1111900.7701352146,0.034144580367327475,351.5227801821417,-50,25
GTY029 colony 25C 12 05 m-25.csv,96409448,600.91,191.04,GTY029 colony 25C 12,1747111.38,802.5323076923078,2.5999999999999996,512.82,14133462.333081366,632612.7488032249,0.0447599274611222,289.7123076923077,-25,25
GTY029 colony 25C 12 05 m-35.csv,96409448,600.91,191.04,GTY029 colony 25C 12,1934744.63,798.1661591695503,2.89,512.82,14133462.333081366,692576.1316872429,0.0490025809221687,285.3461591695502,-35,25
GTY029 colony 25C 12 05 m-50.csv,96409448,600.91,191.04,GTY029 colony 25C 12,2269538,789.95,3.42,512.82,14133462.333081366,795989.4179894179,0.05631949194262839,277.13,-50,25
GTY029 colony 25C 13 01 m-25.csv,157000000,651.63,286.5,GTY029 colony 25C 13,3376459.06,923.5340736489278,4.3558,516.83,32434870.244394045,1487798.4412530442,0.04587033738820618,406.70407364892776,-25,25
GTY029 colony 25C 13 01 m-35.csv,157000000,651.63,286.5,GTY029 colony 25C 13,3856698.2,916.5044463277962,5.0147,516.83,32434870.244394045,1683251.403376165,0.05189635076980441,399.6744463277962,-35,25
GTY029 colony 25C 13 01 m-50.csv,157000000,651.63,286.5,GTY029 colony 25C 13,4999987.11,903.6600698345226,6.587,516.83,32434870.244394045,2139959.410430839,0.06597712259387575,386.83006983452253,-50,25
GTY029 colony 25C 13 02 m-25.csv,125000000,640.01,232.04,GTY029 colony 25C 13,2247117.45,858.9749646756583,3.114,516.83,24004944.318468116,894800.890232636,0.037275691139355166,342.14496467565823,-25,25
GTY029 colony 25C 13 02 m-35.csv,125000000,640.01,232.04,GTY029 colony 25C 13,2654804.65,862.4341418826739,3.665,516.83,24004944.318468116,1063776.9211388256,0.04431490892150967,345.60414188267384,-35,25
GTY029 colony 25C 13 02 m-50.csv,125000000,640.01,232.04,GTY029 colony 25C 13,3506101.06,864.857126293996,4.83,516.83,24004944.318468116,1411750.2477534225,0.05881081118223205,348.02712629399593,-50,25
GTY029 colony 25C 13 03 m-25.csv,179000000,656.71,324.09,GTY029 colony 25C 13,4390533.3100000005,861.5719660793677,6.0729999999999995,516.83,38073157.974300824,1758308.5243974128,0.04618236621149897,344.74196607936767,-25,25
GTY029 colony 25C 13 03 m-35.csv,179000000,656.71,324.09,GTY029 colony 25C 13,5120382.38,859.5532299012694,7.09,516.83,38073157.974300824,2040738.8091038885,0.05360046073617997,342.7232299012694,-35,25
GTY029 colony 25C 13 03 m-50.csv,179000000,656.71,324.09,GTY029 colony 25C 13,6817169.6899999995,852.398161764706,9.52,516.83,38073157.974300824,2682967.0781893004,0.07046872970191463,335.5681617647059,-50,25
GTY029 colony 25C 13 04 m-25.csv,170000000,667.61,303.78,GTY029 colony 25C 13,2580871.7,1001.097445692884,3.0705,516.83,38468084.65608464,1248797.5073486185,0.03246320991838338,484.26744569288394,-25,25
GTY029 colony 25C 13 04 m-35.csv,170000000,667.61,303.78,GTY029 colony 25C 13,3042231.88,987.4085012157473,3.6603,516.83,38468084.65608464,1446593.1704039637,0.037605022015962275,470.5785012157472,-35,25
GTY029 colony 25C 13 04 m-50.csv,170000000,667.61,303.78,GTY029 colony 25C 13,4082817.02,968.6703190027679,5.0219,516.83,38468084.65608464,1905683.125892332,0.049539329626875586,451.84031900276784,-50,25
GTY029 colony 25C 13 05 m-25.csv,184000000,668.03,328.79,GTY029 colony 25C 13,5135233.95,1004.1114001017777,6.0917,516.83,41751111.11111109,2492963.890988493,0.05971012087208976,487.28140010177765,-25,25
GTY029 colony 25C 13 05 m-35.csv,184000000,668.03,328.79,GTY029 colony 25C 13,5817242.04,996.9716767362909,6.9516,516.83,41751111.11111109,2803185.4203409753,0.06714037892023843,480.14167673629083,-35,25
GTY029 colony 25C 13 05 m-50.csv,184000000,668.03,328.79,GTY029 colony 25C 13,7189395.33,981.7290096286108,8.724,516.83,41751111.11111109,3406213.958175863,0.08158379184474873,464.89900962861077,-50,25
GTY029 colony 25C 13 06 m-25.csv,103000000,631.93,194.64,GTY029 colony 25C 13,2462145.26,839.455017188037,3.4908,516.83,18815036.533131756,945846.4852607704,0.05027077590815258,322.62501718803696,-25,25
GTY029 colony 25C 13 06 m-35.csv,103000000,631.93,194.64,GTY029 colony 25C 13,2822713.4499999997,834.8501258487329,4.0207,516.83,18815036.533131756,1073875.468211976,0.05707538575973362,318.02012584873285,-35,25
GTY029 colony 25C 13 06 m-50.csv,103000000,631.93,194.64,GTY029 colony 25C 13,3558714.5300000003,826.8413549394767,5.122,516.83,18815036.533131756,1333566.9438145622,0.07087772279720311,310.01135493947663,-50,25
GTY029 colony 25C 14 01 m-25.csv,183000000,640.55,340.61,GTY029 colony 25C 14,2943381.38,809.2978106235565,4.33,511.9,36801441.58898126,1081491.9963046946,0.02938721826126791,297.39781062355655,-25,25
GTY029 colony 25C 14 01 m-35.csv,183000000,640.55,340.61,GTY029 colony 25C 14,3446775.03,808.500656675212,5.071,511.9,36801441.58898126,1263174.5443856553,0.03432405063077374,296.600656675212,-35,25
GTY029 colony 25C 14 01 m-50.csv,183000000,640.55,340.61,GTY029 colony 25C 14,4458026.17,804.6793343442001,6.595,511.9,36801441.58898126,1621634.0891912319,0.044064417565554445,292.77933434420015,-50,25
GTY029 colony 25C 14 02 m-25.csv,189000000,664.4,337.86,GTY029 colony 25C 14,4129955.42,872.545466974432,5.632,511.9,43271730.91458806,1705849.727051315,0.03942180474403503,360.645466974432,-25,25
GTY029 colony 25C 14 02 m-35.csv,189000000,664.4,337.86,GTY029 colony 25C 14,4626823.89,873.1644043092523,6.312,511.9,43271730.91458806,1915092.735365752,0.044257363754314785,361.2644043092523,-35,25
GTY029 colony 25C 14 02 m-50.csv,189000000,664.4,337.86,GTY029 colony 25C 14,5583346.25,872.4001915005247,7.6240000000000006,511.9,43271730.91458806,2308266.952212984,0.05334353175677578,360.5001915005247,-50,25
GTY029 colony 25C 14 03 m-25.csv,183000000,636.79,342.74,GTY029 colony 25C 14,2450515.94,796.6524160524161,3.663,511.9,35949272.36079617,875995.7168052408,0.02436755069792573,284.75241605241615,-25,25
GTY029 colony 25C 14 03 m-35.csv,183000000,636.79,342.74,GTY029 colony 25C 14,2910191.14,798.1960962690005,4.342,511.9,35949272.36079617,1044005.7529184512,0.029041081623030925,286.2960962690005,-35,25
GTY029 colony 25C 14 03 m-50.csv,183000000,636.79,342.74,GTY029 colony 25C 14,3832286.5799999996,799.8591889998248,5.709,511.9,35949272.36079617,1380666.0031913999,0.038405951289769646,287.95918899982485,-50,25
GTY029 colony 25C 16 01 m-25.csv,170000000,636.87,317.13,GTY029 colony 25C 16,2671071.25,897.5300733634313,3.544,514.17,32679811.03552533,1141033.0897791218,0.03491553511551018,383.3600733634313,-25,25
GTY029 colony 25C 16 01 m-35.csv,170000000,636.87,317.13,GTY029 colony 25C 16,3088789.35,888.0849468599034,4.14,514.17,32679811.03552533,1300082.203745696,0.03978242720964366,373.91494685990347,-35,25
GTY029 colony 25C 16 01 m-50.csv,170000000,636.87,317.13,GTY029 colony 25C 16,3903114.1999999997,878.7266433566433,5.291,514.17,32679811.03552533,1619945.5782312923,0.04957022476263078,364.55664335664335,-50,25
GTY029 colony 25C 16 02 m-25.csv,215000000,645.84,396.9,GTY029 colony 25C 16,2932341.35,861.1850751787036,4.0569999999999995,514.17,43890000.00000002,1182363.4500713872,0.026939244704292244,347.0150751787037,-25,25
GTY029 colony 25C 16 02 m-35.csv,215000000,645.84,396.9,GTY029 colony 25C 16,3425891.8099999996,858.6295642105263,4.75,514.17,43890000.00000002,1374135.3237591332,0.031308619816795,344.4595642105263,-35,25
GTY029 colony 25C 16 02 m-50.csv,215000000,645.84,396.9,GTY029 colony 25C 16,4481568.4399999995,853.7089768185451,6.255,514.17,43890000.00000002,1783670.3619719492,0.04063956167628044,339.53897681854517,-50,25
GTY029 colony 25C 16 03 m-25.csv,234000000,686.67,405.45,GTY029 colony 25C 16,5023122.24,890.5367991071429,6.72,514.17,58738662.13151927,2124115.9737969264,0.036162144262681835,376.3667991071429,-25,25
GTY029 colony 25C 16 03 m-35.csv,234000000,686.67,405.45,GTY029 colony 25C 16,5600805.699999999,886.8990955041235,7.518,514.17,58738662.13151927,2353386.5289325607,0.04006537506188329,372.7290955041235,-35,25
GTY029 colony 25C 16 03 m-50.csv,234000000,686.67,405.45,GTY029 colony 25C 16,6735828.9399999995,881.1491208791208,9.1,514.17,58738662.13151927,2804661.123708742,0.047748127416129146,366.97912087912084,-50,25
GTY029 colony 25C 16 04 m-25.csv,147000000,643.91,272.23,GTY029 colony 25C 16,2440257.35,863.7208983247538,3.3607,514.17,29662484.420928866,986592.5119677501,0.03326061627095683,349.5508983247538,-25,25
GTY029 colony 25C 16 04 m-35.csv,147000000,643.91,272.23,GTY029 colony 25C 16,2801415.5,856.7468564102563,3.9000000000000004,514.17,29662484.420928866,1122070.8322835306,0.03782794510266425,342.57685641025637,-35,25
GTY029 colony 25C 16 04 m-50.csv,147000000,643.91,272.23,GTY029 colony 25C 16,3615132.48,846.2465222528555,5.078,514.17,29662484.420928866,1416212.7991937518,0.04774424080926003,332.0765222528555,-50,25
GTY029 colony 25C 16 05 m-25.csv,154000000,626.89,293.36,GTY029 colony 25C 16,2411155.97,834.3160917537747,3.444,514.17,27771511.883765858,925995.7503989252,0.03334336835079642,320.1460917537747,-25,25
GTY029 colony 25C 16 05 m-35.csv,154000000,626.89,293.36,GTY029 colony 25C 16,2823535.84,832.641658826442,4.039000000000001,514.17,27771511.883765858,1080294.809775762,0.038899387771800076,318.4716588264421,-35,25
GTY029 colony 25C 16 05 m-50.csv,154000000,626.89,293.36,GTY029 colony 25C 16,3565852.34,822.7542178716806,5.159,514.17,27771511.883765858,1337016.8640295626,0.04814346693206611,308.5842178716806,-50,25
GTY029 colony 25C 16 06 m-25.csv,113000000,599.6,223.42,GTY029 colony 25C 16,1104846.19,829.5416740088107,1.589,514.17,16029873.687746713,420866.37272192846,0.026255127203131993,315.3716740088107,-25,25
GTY029 colony 25C 16 06 m-35.csv,113000000,599.6,223.42,GTY029 colony 25C 16,1273360.88,831.18,1.82,514.17,16029873.687746713,484553.79188712523,0.030228172805723336,317.01,-35,25
GTY029 colony 25C 16 06 m-50.csv,113000000,599.6,223.42,GTY029 colony 25C 16,1556552,825.32,2.25,514.17,16029873.687746713,587962.9629629632,0.036679201247381256,311.1500000000001,-50,25
GTY029 colony 25C 17 01 m-25.csv,142000000,611.1,277.13,GTY029 colony 25C 17,1759135.2999999998,855.6471687017599,2.4487,508.39,23905284.53850677,714141.7897035354,0.02987380420229643,347.25716870175995,-25,25
GTY029 colony 25C 17 01 m-35.csv,142000000,611.1,277.13,GTY029 colony 25C 17,1980367.6,845.9906016924842,2.7887999999999997,508.39,23905284.53850677,790711.814898799,0.03307686271732579,337.60060169248425,-35,25
GTY029 colony 25C 17 01 m-50.csv,142000000,611.1,277.13,GTY029 colony 25C 17,2427259.82,832.6554870317003,3.4699999999999998,508.39,23905284.53850677,944991.3832199547,0.039530647781989676,324.26548703170033,-50,25
GTY029 colony 25C 17 02 m-25.csv,218000000,635.49,409.33,GTY029 colony 25C 17,3381941.58,838.1455478582872,4.8069,508.39,43693493.74317629,1331235.3598723444,0.030467587867821774,329.7555478582872,-25,25
GTY029 colony 25C 17 02 m-35.csv,218000000,635.49,409.33,GTY029 colony 25C 17,3802001.89,829.2323349760915,5.4583,508.39,43693493.74317629,1470776.61627614,0.033661227113609665,320.8423349760915,-35,25
GTY029 colony 25C 17 02 m-50.csv,218000000,635.49,409.33,GTY029 colony 25C 17,4670376.31,823.2633224707452,6.7509999999999994,508.39,43693493.74317629,1785260.6030066349,0.04085872861300873,314.87332247074517,-50,25
GTY029 colony 25C 17 03 m-25.csv,169000000,650.16,309.06,GTY029 colony 25C 17,2724982.96,911.6201263335205,3.562,508.39,36798048.37490551,1206270.0176366842,0.03278081504070477,403.2301263335205,-25,25
GTY029 colony 25C 17 03 m-35.csv,169000000,650.16,309.06,GTY029 colony 25C 17,3141785.93,909.1044603197745,4.1154,508.39,36798048.37490551,1384983.866633073,0.03763742719512171,400.7144603197745,-35,25
GTY029 colony 25C 17 03 m-50.csv,169000000,650.16,309.06,GTY029 colony 25C 17,4069244.9099999997,901.8754860335196,5.37,508.39,36798048.37490551,1774600.7054673724,0.048225402809067563,393.4854860335196,-50,25
GTY029 colony 25C 17 04 m-25.csv,140000000,622.07,268.03,GTY029 colony 25C 17,2102183.33,741.2794849328045,3.3782,508.39,25589695.47325104,660743.4769463342,0.025820685425389713,232.88948493280452,-25,25
GTY029 colony 25C 17 04 m-35.csv,140000000,622.07,268.03,GTY029 colony 25C 17,2383905.11,736.0693198338525,3.852,508.39,25589695.47325104,736558.9485176787,0.028783419845210944,227.67931983385256,-35,25
GTY029 colony 25C 17 04 m-50.csv,140000000,622.07,268.03,GTY029 colony 25C 17,2982334.86,731.1635408079143,4.852,508.39,25589695.47325104,907783.0015957002,0.035474552737237826,222.7735408079143,-50,25
GTY029 colony 25C 17 05 m-25.csv,179000000,642.5,331.64,GTY029 colony 25C 17,1391750.56,795.759482328083,2.0824,508.39,37353019.56832116,502576.8119593516,0.013454784051396572,287.369482328083,-25,25
GTY029 colony 25C 17 05 m-35.csv,179000000,642.5,331.64,GTY029 colony 25C 17,1717960.64,795.7337700389104,2.5700000000000003,508.39,37353019.56832116,620201.1329470057,0.016603775012422127,287.3437700389104,-35,25
GTY029 colony 25C 17 05 m-50.csv,179000000,642.5,331.64,GTY029 colony 25C 17,2359893.6399999997,799.7131635846373,3.515,508.39,37353019.56832116,859999.0929705217,0.023023549445514734,291.3231635846373,-50,25
GTY029 colony 25C 2 01 m-25.csv,154000000,699.21,262.75,GTY029 colony 25C 2,3050588.48,977.7363844393593,3.7145,539.36,35273862.013941385,1367556.1266481902,0.03876967387658565,438.3763844393593,-25,25
GTY029 colony 25C 2 01 m-35.csv,154000000,699.21,262.75,GTY029 colony 25C 2,3592054.73,984.2178840619748,4.3437,539.36,35273862.013941385,1622851.424372218,0.04600719432793648,444.8578840619748,-35,25
GTY029 colony 25C 2 01 m-50.csv,154000000,699.21,262.75,GTY029 colony 25C 2,4722685.45,990.2137979584653,5.682,539.36,35273862.013941385,2151466.5994792976,0.060993224916199074,450.8537979584653,-50,25
GTY029 colony 25C 2 02 m-25.csv,110000000,691.61,188.79,GTY029 colony 25C 2,2769172.1,1089.3901138163105,3.0311999999999997,539.36,24139814.814814813,1400227.833207357,0.05800491196593708,550.0301138163105,-25,25
GTY029 colony 25C 2 02 m-35.csv,110000000,691.61,188.79,GTY029 colony 25C 2,3242161.75,1071.434326901752,3.6072,539.36,24139814.814814813,1611907.711430251,0.06677382257468724,532.074326901752,-35,25
GTY029 colony 25C 2 02 m-50.csv,110000000,691.61,188.79,GTY029 colony 25C 2,4122775,1046.388572769753,4.686699999999999,539.36,24139814.814814813,1995709.0887713116,0.08267292454731374,507.02857276975294,-50,25
GTY029 colony 25C 2 03 m-25.csv,127000000,713.32,212.16,GTY029 colony 25C 2,2180410,940.24,2.76,539.36,30996349.71025448,929225.4976064498,0.029978546064055905,400.88,-25,25
GTY029 colony 25C 2 03 m-35.csv,127000000,713.32,212.16,GTY029 colony 25C 2,2460523.03,938.0484691848907,3.1186,539.36,30996349.71025448,1044217.5694969345,0.03368840457853905,398.68846918489066,-35,25
GTY029 colony 25C 2 03 m-50.csv,127000000,713.32,212.16,GTY029 colony 25C 2,3043309.77,929.5335439137134,3.894,539.36,30996349.71025448,1276002.1667926428,0.04116620759284132,390.1735439137134,-50,25
GTY029 colony 25C 2 04 m-25.csv,212000000,779.64,324.26,GTY029 colony 25C 2,6338805.94,1081.3332588454377,6.981,539.36,65434780.21331988,3177555.488368187,0.04856065043711058,541.9732588454377,-25,25
GTY029 colony 25C 2 04 m-35.csv,212000000,779.64,324.26,GTY029 colony 25C 2,7193621.18,1075.9387823573763,7.958,539.36,65434780.21331988,3586204.711514236,0.054805788295201295,536.5787823573763,-35,25
GTY029 colony 25C 2 04 m-50.csv,212000000,779.64,324.26,GTY029 colony 25C 2,9023599.5,1063.3187042169866,10.102,539.36,65434780.21331988,4445310.178886368,0.06793497532037988,523.9587042169866,-50,25
GTY029 colony 25C 2 05 m-25.csv,101000000,701.8,171.81,GTY029 colony 25C 2,2635236.46,945.8819704284851,3.314,539.36,23438999.244142093,1131446.8883849834,0.04827197938784678,406.52197042848513,-25,25
GTY029 colony 25C 2 05 m-35.csv,101000000,701.8,171.81,GTY029 colony 25C 2,3015231.9,939.6203218210361,3.822,539.36,23438999.244142093,1284786.2181909801,0.054814038978736504,400.2603218210361,-35,25
GTY029 colony 25C 2 05 m-50.csv,101000000,701.8,171.81,GTY029 colony 25C 2,3819637.92,929.3581152902699,4.8919999999999995,539.36,23438999.244142093,1602310.2208784746,0.06836086320020367,389.9981152902699,-50,25
GTY029 colony 25C 2 06 m-25.csv,169000000,721.86,278.03,GTY029 colony 25C 2,3723437.3400000003,1016.7564220183485,4.36,539.36,42613987.570336774,1748088.0154530946,0.04102146067808785,477.3964220183485,-25,25
GTY029 colony 25C 2 06 m-35.csv,169000000,721.86,278.03,GTY029 colony 25C 2,4276062.76,1014.9554094441123,5.019,539.36,42613987.570336774,2004714.336104812,0.04704357537054984,475.5954094441123,-35,25
GTY029 colony 25C 2 06 m-50.csv,169000000,721.86,278.03,GTY029 colony 25C 2,5390780.81,1002.5805716070591,6.4030000000000005,539.36,42613987.570336774,2490972.805912488,0.05845434675177952,463.2205716070591,-50,25
GTY029 colony 25C 3 01 m-25.csv,119000000,679.1,209.46,GTY029 colony 25C 3,2796270.44,987.7255265499851,3.371,535.86,25197825.144872766,1279279.9949609472,0.05076946076122979,451.86552654998513,-25,25
GTY029 colony 25C 3 01 m-35.csv,119000000,679.1,209.46,GTY029 colony 25C 3,3146831.82,983.7301104100945,3.8040000000000003,535.86,25197825.144872766,1430837.238599143,0.056784156186998884,447.8701104100945,-35,25
GTY029 colony 25C 3 01 m-50.csv,119000000,679.1,209.46,GTY029 colony 25C 3,3876102.63,975.0629386892177,4.73,535.86,25197825.144872766,1744713.109935332,0.06924062294679209,439.2029386892177,-50,25
GTY029 colony 25C 3 02 m-25.csv,139000000,670.02,247.82,GTY029 colony 25C 3,1934662.31,930.5495476575121,2.476,535.86,27922676.744771972,820736.8102796674,0.02939319957687566,394.6895476575121,-25,25
GTY029 colony 25C 3 02 m-35.csv,139000000,670.02,247.82,GTY029 colony 25C 3,2330709.59,927.108396257935,2.9930000000000003,535.86,27922676.744771972,983460.5274208445,0.035220854232930233,391.24839625793504,-35,25
GTY029 colony 25C 3 02 m-50.csv,139000000,670.02,247.82,GTY029 colony 25C 3,3186023.8,921.6092322643342,4.1160000000000005,535.86,27922676.744771972,1333454.1362223898,0.0477552402447253,385.7492322643342,-50,25
GTY029 colony 25C 3 06 m-25.csv,135000000,734.24,219.04,GTY029 colony 25C 3,3561255.3,1019.3202547464551,4.161,535.86,36493789.53556731,1689491.9963046943,0.046295329090394785,483.4602547464551,-25,25
GTY029 colony 25C 3 06 m-35.csv,135000000,734.24,219.04,GTY029 colony 25C 3,4139421.36,1030.2298330198537,4.785,535.86,36493789.53556731,1986696.6078777188,0.0544393068837496,494.3698330198537,-35,25
GTY029 colony 25C 3 06 m-50.csv,135000000,734.24,219.04,GTY029 colony 25C 3,5574383.49,1065.36204238921,6.228,535.86,36493789.53556731,2769579.8437893675,0.07589181279982173,529.50204238921,-50,25
GTY029 colony 25C 4 01 m-25.csv,123000000,650.97,224.92,GTY029 colony 25C 4,4702487.03,951.9221546304162,5.885000000000001,530.22,22809347.442680772,2084250.5920886868,0.09137703730132342,421.7021546304162,-25,25
GTY029 colony 25C 4 01 m-35.csv,123000000,650.97,224.92,GTY029 colony 25C 4,5466435.88,943.6172273781901,6.896000000000001,530.22,22809347.442680772,2394211.2034937427,0.10496622972271899,413.3972273781901,-35,25
GTY029 colony 25C 4 01 m-50.csv,123000000,650.97,224.92,GTY029 colony 25C 4,7069339.5,928.1055932951039,9.068,530.22,22809347.442680772,3030172.637944068,0.13284784431289864,397.88559329510383,-50,25
GTY029 colony 25C 4 02 m-25.csv,188000000,665.89,335.49,GTY029 colony 25C 4,5818213.44,873.8429885202472,7.9270000000000005,530.22,38226193.24766943,2287645.4438565546,0.0598449714580467,343.6229885202472,-25,25
GTY029 colony 25C 4 02 m-35.csv,188000000,665.89,335.49,GTY029 colony 25C 4,6801300.91,871.0195140307494,9.301,530.22,38226193.24766943,2662111.5982195344,0.06964103333469748,340.7995140307494,-35,25
GTY029 colony 25C 4 02 m-50.csv,188000000,665.89,335.49,GTY029 colony 25C 4,8630237.37,861.101683425507,11.934000000000001,530.22,38226193.24766943,3316319.8202737886,0.0867551680803575,330.88168342550694,-50,25
GTY029 colony 25C 4 03 m-25.csv,122000000,672.79,216.39,GTY029 colony 25C 4,3399950.16,1002.2612713331683,4.043,530.22,25909735.701688066,1602807.4745947756,0.06186120511026092,472.0412713331683,-25,25
GTY029 colony 25C 4 03 m-35.csv,122000000,672.79,216.39,GTY029 colony 25C 4,3832479.04,994.6408950348431,4.5920000000000005,530.22,25909735.701688066,1791064.7098345505,0.06912709301460992,464.42089503484306,-35,25
GTY029 colony 25C 4 03 m-50.csv,122000000,672.79,216.39,GTY029 colony 25C 4,4844636.9399999995,979.6231268035987,5.891,530.22,25909735.701688066,2223426.404635928,0.08581432208477016,449.40312680359864,-50,25
GTY029 colony 25C 4 04 m-25.csv,126000000,676.75,221.37,GTY029 colony 25C 4,4080801.73,1017.5997801967762,4.777,530.22,27242249.18115394,1955331.494079113,0.07177569961557367,487.3797801967762,-25,25
GTY029 colony 25C 4 04 m-35.csv,126000000,676.75,221.37,GTY029 colony 25C 4,4515100.07,1007.3234176029962,5.34,530.22,27242249.18115394,2139692.8277483825,0.07854317804377958,477.10341760299616,-35,25
GTY029 colony 25C 4 04 m-50.csv,126000000,676.75,221.37,GTY029 colony 25C 4,5435248.72,983.8899178582294,6.574,530.22,27242249.18115394,2504766.977408247,0.09194420624935158,453.6699178582294,-50,25
GTY029 colony 25C 4 05 m-25.csv,117000000,681.01,204.49,GTY029 colony 25C 4,3088738.75,947.7107474226804,3.88,530.22,25896571.00865037,1360430.0831443684,0.052533213091800326,417.49074742268033,-25,25
GTY029 colony 25C 4 05 m-35.csv,117000000,681.01,204.49,GTY029 colony 25C 4,3554259.25,942.0004008908685,4.49,530.22,25896571.00865037,1552779.0375409417,0.0599607970113981,411.78040089086846,-35,25
GTY029 colony 25C 4 05 m-50.csv,117000000,681.01,204.49,GTY029 colony 25C 4,4482380.38,928.8145391304348,5.75,530.22,25896571.00865037,1924849.7522465773,0.0743283638441402,398.5945391304348,-50,25
GTY029 colony 25C 5 01 m-25.csv,131000000,649.89,240.3,GTY029 colony 25C 5,2613744.36,874.7482645324346,3.561,526.45,24911927.43764171,1041647.8710002515,0.041813218732579094,348.2982645324346,-25,25
GTY029 colony 25C 5 01 m-35.csv,131000000,649.89,240.3,GTY029 colony 25C 5,2966565.26,869.7084645669291,4.064,526.45,24911927.43764171,1171581.7586293775,0.04702894874601824,343.2584645669291,-35,25
GTY029 colony 25C 5 01 m-50.csv,131000000,649.89,240.3,GTY029 colony 25C 5,3644930.2199999997,858.6443366336632,5.05,526.45,24911927.43764171,1408903.5021415965,0.05655537917201683,332.19433663366317,-50,25
GTY029 colony 25C 5 02 m-25.csv,172000000,695.55,294.21,GTY029 colony 25C 5,3486013.3899999997,1008.425891216643,4.1146,526.45,41782910.05291002,1665522.8033929614,0.03986134046872027,481.97589121664294,-25,25
GTY029 colony 25C 5 02 m-35.csv,172000000,695.55,294.21,GTY029 colony 25C 5,3933170.84,1002.8751028718389,4.6659999999999995,526.45,41782910.05291002,1866968.6151003607,0.04468258943037246,476.4251028718388,-35,25
GTY029 colony 25C 5 02 m-50.csv,172000000,695.55,294.21,GTY029 colony 25C 5,4827422.83,991.0315681544029,5.803,526.45,41782910.05291002,2264186.4785420336,0.054189295950781716,464.5815681544028,-50,25
GTY029 colony 25C 5 03 m-25.csv,207000000,676.56,365.14,GTY029 colony 25C 5,4785692.59,939.0134080052709,6.071,526.45,46032724.783740625,2103529.394473838,0.045696391086039574,412.56340800527084,-25,25
GTY029 colony 25C 5 03 m-35.csv,207000000,676.56,365.14,GTY029 colony 25C 5,5439559.41,931.4327986200948,6.957,526.45,46032724.783740625,2366226.026706978,0.05140312761895774,404.98279862009474,-35,25
GTY029 colony 25C 5 03 m-50.csv,207000000,676.56,365.14,GTY029 colony 25C 5,6842178.4799999995,914.648983717013,8.905,526.45,46032724.783740625,2903260.225077686,0.06306948456162552,388.198983717013,-50,25
GTY029 colony 25C 5 04 m-25.csv,115000000,668.35,205.59,GTY029 colony 25C 5,2295414.22,954.405519412382,2.859,526.45,24500899.470899466,1027567.6744771983,0.041939997986509624,427.95551941238193,-25,25
GTY029 colony 25C 5 04 m-35.csv,115000000,668.35,205.59,GTY029 colony 25C 5,2574343.54,951.3556455617629,3.222,526.45,24500899.470899466,1149782.4724951708,0.04692817395789104,424.90564556176287,-35,25
GTY029 colony 25C 5 04 m-50.csv,115000000,668.35,205.59,GTY029 colony 25C 5,3199359.0100000002,940.7322384007896,4.0520000000000005,526.45,24500899.470899466,1409819.1232048369,0.05754152515418162,414.28223840078954,-50,25
GTY029 colony 25C 5 05 m-25.csv,172000000,710.24,288.48,GTY029 colony 25C 5,2237973.61,1026.1284165928437,2.5963,526.45,44528209.62459057,1089539.8278323673,0.0244685298829233,499.67841659284363,-25,25
GTY029 colony 25C 5 05 m-35.csv,172000000,710.24,288.48,GTY029 colony 25C 5,2596109.63,1014.887295176173,3.0453,526.45,44528209.62459057,1249213.1477282266,0.02805442119187187,488.43729517617294,-35,25
GTY029 colony 25C 5 05 m-50.csv,172000000,710.24,288.48,GTY029 colony 25C 5,3277276.05,992.7916425120773,3.933,526.45,44528209.62459057,1540372.621147224,0.03459318562623182,466.3416425120772,-50,25
GTY029 colony 25C 5 06 m-25.csv,97525224,693.25,167.51,GTY029 colony 25C 5,2011760.63,1038.06,2.31,526.45,23465749.55908288,992541.4462081126,0.04229745330355023,511.6099999999999,-25,25
GTY029 colony 25C 5 06 m-35.csv,97525224,693.25,167.51,GTY029 colony 25C 5,2347872.25,1025.72,2.73,526.45,23465749.55908288,1144710.758377425,0.04878219447008212,499.27,-35,25
GTY029 colony 25C 5 06 m-50.csv,97525224,693.25,167.51,GTY029 colony 25C 5,3152987,1007.67,3.73,526.45,23465749.55908288,1507475.0986814476,0.06424150632332772,481.2199999999999,-50,25
GTY029 colony 25C 7 01 m-25.csv,130000000,632.44,244.9,GTY029 colony 25C 7,3009657.57,955.4423801916932,3.7560000000000002,510.62,25055612.66481902,1403168.6067019398,0.056002167078203234,444.82238019169324,-25,25
GTY029 colony 25C 7 01 m-35.csv,130000000,632.44,244.9,GTY029 colony 25C 7,3427909.13,947.989053144581,4.309,510.62,25055612.66481902,1582785.9662383469,0.06317091453368297,437.369053144581,-35,25
GTY029 colony 25C 7 01 m-50.csv,130000000,632.44,244.9,GTY029 colony 25C 7,4227242.79,932.344518696779,5.402,510.62,25055612.66481902,1913291.2152515326,0.07636178132407095,421.724518696779,-50,25
GTY029 colony 25C 7 02 m-25.csv,168000000,652.39,305.86,GTY029 colony 25C 7,4386229.89,857.3397356755868,6.091,510.62,36417042.24405811,1773637.2805912478,0.048703496256087046,346.7197356755868,-25,25
GTY029 colony 25C 7 02 m-35.csv,168000000,652.39,305.86,GTY029 colony 25C 7,5025824.25,851.3759780907668,7.029,510.62,36417042.24405811,2011567.7920550935,0.05523698982948857,340.7559780907668,-35,25
GTY029 colony 25C 7 02 m-50.csv,168000000,652.39,305.86,GTY029 colony 25C 7,6291325.25,845.266433408578,8.86,510.62,36417042.24405811,2490104.4763584454,0.06837744975746175,334.646433408578,-50,25
GTY029 colony 25C 7 03 m-25.csv,130000000,667.79,232.09,GTY029 colony 25C 7,3170879.5,900.5733929849678,4.191,510.62,30635412.194507424,1372549.4834971023,0.04480270984384485,389.95339298496776,-25,25
GTY029 colony 25C 7 03 m-35.csv,130000000,667.79,232.09,GTY029 colony 25C 7,3593124.38,895.6088353581903,4.774,510.62,30635412.194507424,1543576.6355925088,0.050385371862868365,384.9888353581903,-35,25
GTY029 colony 25C 7 03 m-50.csv,130000000,667.79,232.09,GTY029 colony 25C 7,4369332.63,888.0682938065177,5.861000000000001,510.62,30635412.194507424,1857919.249181154,0.06064613191378106,377.44829380651765,-50,25
GTY029 colony 25C 7 04 m-25.csv,162000000,698.15,276.7,GTY029 colony 25C 7,4246475.57,976.4244266409266,5.18,510.62,43579029.982363306,2026427.2528764592,0.046500054124577035,465.80442664092664,-25,25
GTY029 colony 25C 7 04 m-35.csv,162000000,698.15,276.7,GTY029 colony 25C 7,4796908.54,969.7948523922632,5.894,510.62,43579029.982363306,2272929.016544889,0.05215648483834443,459.17485239226323,-35,25
GTY029 colony 25C 7 04 m-50.csv,162000000,698.15,276.7,GTY029 colony 25C 7,5925266.41,956.7495380655649,7.382,510.62,43579029.982363306,2765875.7453598725,0.06346804292062579,446.12953806556493,-50,25
GTY029 colony 25C 7 05 m-25.csv,196000000,730.91,318.93,GTY029 colony 25C 7,5132396.96,920.404060331825,6.63,510.62,59004862.43386242,2281740.421600739,0.03867037948200124,409.784060331825,-25,25
GTY029 colony 25C 7 05 m-35.csv,196000000,730.91,318.93,GTY029 colony 25C 7,5917208.85,915.5471922976841,7.686,510.62,59004862.43386242,2613815.7386411354,0.044298310864988776,404.9271922976841,-35,25
GTY029 colony 25C 7 05 m-50.csv,196000000,730.91,318.93,GTY029 colony 25C 7,7463066.82,904.9595131887158,9.818999999999999,510.62,59004862.43386242,3251885.1767867645,0.05511215589108015,394.33951318871584,-50,25
GTY029 colony 25C 7 06 m-25.csv,188000000,660.18,339.29,GTY029 colony 25C 7,4131486.6399999997,815.9996930479508,6.027,510.62,42617126.39623749,1545749.0635760473,0.03627060748311073,305.3796930479508,-25,25
GTY029 colony 25C 7 06 m-35.csv,188000000,660.18,339.29,GTY029 colony 25C 7,4706587.53,811.386442516269,6.915,510.62,42617126.39623749,1746703.577727387,0.04098595389767051,300.76644251626897,-35,25
GTY029 colony 25C 7 06 m-50.csv,188000000,660.18,339.29,GTY029 colony 25C 7,5940893.0200000005,799.8671115132323,8.842,510.62,42617126.39623749,2147915.4782900815,0.050400288802196505,289.2471115132323,-50,25
GTY029 colony 25C 8 01 m-25.csv,153000000,636.89,285.73,GTY029 colony 25C 8,3312691.71,908.5648354430379,4.345000000000001,510.86,30243177.878558822,1451270.2695893168,0.04798669886534008,397.70483544303784,-25,25
GTY029 colony 25C 8 01 m-35.csv,153000000,636.89,285.73,GTY029 colony 25C 8,3844244.2199999997,901.7156148994877,5.074,510.86,30243177.878558822,1665576.0393046113,0.055072785207715774,390.8556148994877,-35,25
GTY029 colony 25C 8 01 m-50.csv,153000000,636.89,285.73,GTY029 colony 25C 8,4909174.26,890.0321990564602,6.571000000000001,510.86,30243177.878558822,2092500.6466784244,0.06918917896395808,379.17219905646016,-50,25
GTY029 colony 25C 8 02 m-25.csv,189000000,719.97,311.93,GTY029 colony 25C 8,4995872.97,998.9941580548134,5.9511,510.86,54780954.312589236,2439686.8967834045,0.04453531208788634,488.1341580548134,-25,25
GTY029 colony 25C 8 02 m-35.csv,189000000,719.97,311.93,GTY029 colony 25C 8,5939163.47,996.5455502257337,7.088,510.86,54780954.312589236,2891189.3675988913,0.052777272756171494,485.68555022573366,-35,25
GTY029 colony 25C 8 02 m-50.csv,189000000,719.97,311.93,GTY029 colony 25C 8,8009974.32,989.2414457581416,9.642,510.86,54780954.312589236,3873816.9984043003,0.07071466802676814,478.3814457581416,-50,25
GTY029 colony 25C 8 03 m-25.csv,145000000,639.6,270.85,GTY029 colony 25C 8,2808418.78,790.6564045476078,4.2219999999999995,510.86,29284646.84639288,992105.8369026624,0.033878019499656846,279.79640454760784,-25,25
GTY029 colony 25C 8 03 m-35.csv,145000000,639.6,270.85,GTY029 colony 25C 8,3126527.0300000003,789.0601993214589,4.716,510.86,29284646.84639288,1101866.2467456118,0.037626072546657105,278.20019932145885,-35,25
GTY029 colony 25C 8 03 m-50.csv,145000000,639.6,270.85,GTY029 colony 25C 8,3791400.98,788.4545670391061,5.728,510.86,29284646.84639288,1335400.7558578984,0.04560071230711753,277.5945670391061,-50,25
GTY029 colony 25C 8 04 m-25.csv,86936352,672.05,154.03,GTY029 colony 25C 8,2192609,1017.5314207862983,2.569,510.86,20851680.272108834,1093171.1430251114,0.05242604570756511,506.6714207862983,-25,25
GTY029 colony 25C 8 04 m-35.csv,86936352,672.05,154.03,GTY029 colony 25C 8,2478625.94,1008.7601712328767,2.92,510.86,20851680.272108834,1221019.9882422104,0.05855739069025743,497.9001712328767,-35,25
GTY029 colony 25C 8 04 m-50.csv,86936352,672.05,154.03,GTY029 colony 25C 8,3035159.75,981.5627173913043,3.6799999999999997,510.86,20851680.272108834,1454762.744604014,0.0697671710682185,470.7027173913043,-50,25
GTY029 colony 25C 8 05 m-25.csv,198000000,659.63,356.69,GTY029 colony 25C 8,4430231.87,777.9267300604453,6.783,510.86,44566029.47845805,1521385.428739397,0.03413778266863086,267.06673006044525,-25,25
GTY029 colony 25C 8 05 m-35.csv,198000000,659.63,356.69,GTY029 colony 25C 8,5223993.93,776.2055107392606,8.008000000000001,510.86,44566029.47845805,1784569.45494247,0.04004326783935464,265.3455107392606,-35,25
GTY029 colony 25C 8 05 m-50.csv,198000000,659.63,356.69,GTY029 colony 25C 8,6789902.92,772.7028293055688,10.469,510.86,44566029.47845805,2302202.553120013,0.051658237901422925,261.8428293055688,-50,25
GTY029 colony 25C 9 01 m-25.csv,114000000,580.05,234.24,GTY029 colony 25C 9,1695886.43,745.4174446085672,2.708,502.82,15193042.076089688,551737.5325438817,0.03631514543174919,242.59744460856717,-25,25
GTY029 colony 25C 9 01 m-35.csv,114000000,580.05,234.24,GTY029 colony 25C 9,2105116.62,742.0121827861581,3.381,502.82,15193042.076089688,679187.6795162512,0.044703863526129144,239.19218278615807,-35,25
GTY029 colony 25C 9 01 m-50.csv,114000000,580.05,234.24,GTY029 colony 25C 9,2866504.16,726.8045059625214,4.696,502.82,15193042.076089688,883372.1676324854,0.05814320550212308,223.98450596252138,-50,25
GTY029 colony 25C 9 02 m-25.csv,122000000,608,238.94,GTY029 colony 25C 9,2857628.39,751.064956925116,4.527,502.82,21106667.6744772,943818.6948853617,0.04471661322581275,248.24495692511601,-25,25
GTY029 colony 25C 9 02 m-35.csv,122000000,608,238.94,GTY029 colony 25C 9,3260925.28,747.5711093990755,5.192,502.82,21106667.6744772,1067227.4796338286,0.050563523152655276,244.75110939907546,-35,25
GTY029 colony 25C 9 02 m-50.csv,122000000,608,238.94,GTY029 colony 25C 9,4173406.01,737.7348247698249,6.734,502.82,21106667.6744772,1328560.0319140006,0.06294503956778237,234.91482476982486,-50,25
GTY029 colony 25C 9 04 m-25.csv,147000000,581.22,300.43,GTY029 colony 25C 9,2247712.84,677.4441258422412,3.9478,502.82,19781399.17695474,578971.2975560592,0.02926847046444312,174.6241258422412,-25,25
GTY029 colony 25C 9 04 m-35.csv,147000000,581.22,300.43,GTY029 colony 25C 9,2636485.13,674.4252401005522,4.6543,502.82,19781399.17695474,670783.7986058621,0.033909825720888485,171.60524010055218,-35,25
GTY029 colony 25C 9 04 m-50.csv,147000000,581.22,300.43,GTY029 colony 25C 9,3434639.81,669.5219666503187,6.117,502.82,19781399.17695474,856400.3779289492,0.04329321552373568,166.70196665031875,-50,25
GTY029 colony 25C 9 05 m-25.csv,132000000,582.66,268.85,GTY029 colony 25C 9,1962049.46,717.3913789926289,3.2560000000000002,502.82,18027197.44687998,586750.9952128998,0.03254809833540989,214.57137899262892,-25,25
GTY029 colony 25C 9 05 m-35.csv,132000000,582.66,268.85,GTY029 colony 25C 9,2249818.37,712.1970286776422,3.766,502.82,18027197.44687998,662227.1688922485,0.03673489297732534,209.37702867764216,-35,25
GTY029 colony 25C 9 05 m-50.csv,132000000,582.66,268.85,GTY029 colony 25C 9,2917445.44,707.0904900366003,4.918,502.82,18027197.44687998,843707.2898295122,0.04680191096345567,204.27049003660028,-50,25
GTY029 colony 36C 01 m-25.csv,188000000,552.56,405.03,GTY029 colony 36C,1794730.0399999998,727.2059083336167,2.9411,496.95,18916367.094986126,568745.8234651885,0.030066334651326222,230.25590833361667,-25,36
GTY029 colony 36C 01 m-35.csv,188000000,552.56,405.03,GTY029 colony 36C,2252262.32,717.5050076262343,3.7371,496.95,18916367.094986126,692228.201058201,0.03659414080844728,220.55500762623427,-35,36
GTY029 colony 36C 01 m-50.csv,188000000,552.56,405.03,GTY029 colony 36C,3319594.59,697.8414225202965,5.6659999999999995,496.95,18916367.094986126,955950.9532207947,0.050535652454861385,200.89142252029654,-50,36
GTY029 colony 36C 02 m-25.csv,205000000,566.89,430.68,GTY029 colony 36C,6407616.49,789.5977862864002,9.663400000000001,496.95,25297521.793902744,2375050.4896279494,0.0938847096951761,292.64778628640016,-25,36
GTY029 colony 36C 02 m-35.csv,205000000,566.89,430.68,GTY029 colony 36C,7435550.27,765.6052076124569,11.559999999999999,496.95,25297521.793902744,2608259.175275049,0.10310334729719244,268.6552076124569,-35,36
GTY029 colony 36C 02 m-50.csv,205000000,566.89,430.68,GTY029 colony 36C,10270017.66,715.4818938374202,17.087000000000003,496.95,25297521.793902744,3136016.1837574537,0.12396535159872071,218.53189383742023,-50,36
GTY029 colony 36C 03 m-25.csv,107000000,571.5,223.89,GTY029 colony 36C,8132612.87,772.4722972272092,12.5325,496.95,14017804.232804235,2899960.686990845,0.20687695724872548,275.5222972272092,-25,36
GTY029 colony 36C 03 m-35.csv,107000000,571.5,223.89,GTY029 colony 36C,9757186.77,744.7687085296662,15.5985,496.95,14017804.232804235,3246493.7641723347,0.23159788154088665,247.81870852966625,-35,36
GTY029 colony 36C 03 m-50.csv,107000000,571.5,223.89,GTY029 colony 36C,13148683.39,705.2470105414902,22.197999999999997,496.95,14017804.232804235,3883242.663979172,0.27702217833030307,208.29701054149024,-50,36
GTY029 colony 36C 04 m-25.csv,142000000,587.23,287.13,GTY029 colony 36C,8365562.81,811.2482749633492,12.278,496.95,21770468.127991945,3240912.253296382,0.14886736629835234,314.29827496334923,-25,36
GTY029 colony 36C 04 m-35.csv,142000000,587.23,287.13,GTY029 colony 36C,9836180.45,781.20180931607,14.991299999999999,496.95,21770468.127991945,3578822.6664986983,0.1643888705313201,284.25180931607,-35,36
GTY029 colony 36C 04 m-50.csv,142000000,587.23,287.13,GTY029 colony 36C,13024473.81,739.9867652671757,20.96,496.95,21770468.127991945,4278198.202737886,0.1965138359720011,243.03676526717567,-50,36
GTY029 colony 36C 05 m-25.csv,156000000,582.55,319.16,GTY029 colony 36C,6321837.85,708.0810125152913,10.626999999999999,496.95,22944567.06139245,1884344.729990762,0.08212596580919779,211.13101251529127,-25,36
GTY029 colony 36C 05 m-35.csv,156000000,582.55,319.16,GTY029 colony 36C,7459830.24,700.7785680492036,12.682,496.95,22944567.06139245,2170953.13681028,0.0946173066156137,203.82856804920362,-35,36
GTY029 colony 36C 05 m-50.csv,156000000,582.55,319.16,GTY029 colony 36C,9955887.44,686.6091030044659,17.2643,496.95,22944567.06139245,2749921.602418745,0.11985066421435711,189.65910300446586,-50,36
GTY029 colony 36C 06 m-25.csv,128000000,557.65,273.45,GTY029 colony 36C,5828992.23,750.9641585550509,9.246,496.95,13940047.871000249,1972465.7008482406,0.14149633624656335,254.01415855505087,-25,36
GTY029 colony 36C 06 m-35.csv,128000000,557.65,273.45,GTY029 colony 36C,6890607,731.64,11.21,496.95,13940047.871000249,2209519.52632905,0.1585015737948473,234.69,-35,36
GTY029 colony 36C 06 m-50.csv,128000000,557.65,273.45,GTY029 colony 36C,9323000,697.36,15.92,496.95,13940047.871000249,2679539.094650206,0.19221878715527965,200.41000000000003,-50,36
GTY029 colony 36C 07 m-25.csv,163000000,564.78,342.84,GTY029 colony 36C,13038361.15,741.1118262529833,20.95,496.95,19530391.534391526,4295952.179390275,0.21996241968961203,244.1618262529833,-25,36
GTY029 colony 36C 07 m-35.csv,163000000,564.78,342.84,GTY029 colony 36C,15029409,719.97,24.86,496.95,19530391.534391526,4656317.460317461,0.23841393308055508,223.02000000000004,-35,36
GTY029 colony 36C 07 m-50.csv,163000000,564.78,342.84,GTY029 colony 36C,19680884,684.05,34.26,496.95,19530391.534391526,5383426.555807507,0.27564355513957334,187.09999999999997,-50,36
GTY029 colony 36C 10 01 m-25.csv,172000000,588.28,348.92,GTY029 colony 36C 10,10328382.68,752.633143896034,16.3361,498.21,26393906.44158898,3490620.5769715295,0.1322510021279512,254.423143896034,-25,36
GTY029 colony 36C 10 01 m-35.csv,172000000,588.28,348.92,GTY029 colony 36C 10,11877660.66,734.4624392941139,19.2609,498.21,26393906.44158898,3821646.6011589807,0.14479276152684992,236.2524392941139,-35,36
GTY029 colony 36C 10 01 m-50.csv,172000000,588.28,348.92,GTY029 colony 36C 10,14932376.94,706.49126487113665,25.1662,498.21,26393906.44158898,4402156.687662719,0.1667868565573993,208.28126487113667,-50,36
GTY029 colony 36C 10 02 m-25.csv,238000000,578.56,489.07,GTY029 colony 36C 10,7233427.81,727.4701611213437,11.835799999999999,498.21,33003085.999832015,2278892.5967918034,0.06905089411345966,229.26016112134374,-25,36
GTY029 colony 36C 10 02 m-35.csv,238000000,578.56,489.07,GTY029 colony 36C 10,8817099.89,715.428167168408,14.6822,498.21,33003085.999832015,2678458.5319559923,0.08115782057379803,217.218167168408,-35,36
GTY029 colony 36C 10 02 m-50.csv,238000000,578.56,489.07,GTY029 colony 36C 10,12672042.89,691.3694589874635,21.8165,498.21,33003085.999832015,3539147.8432854614,0.10723687606981588,193.15945898746355,-50,36
GTY029 colony 36C 10 03 m-25.csv,182000000,600.09,360.52,GTY029 colony 36C 10,4130235.04,726.0044141311247,6.7737,498.21,30847213.90778535,1295885.632821029,0.04200981121649913,227.7944141311247,-25,36
GTY029 colony 36C 10 03 m-35.csv,182000000,600.09,360.52,GTY029 colony 36C 10,5139440.56,719.3075846670897,8.5098,498.21,30847213.90778535,1580159.7598051568,0.05122536396735491,221.09758466708973,-35,36
GTY029 colony 36C 10 03 m-50.csv,182000000,600.09,360.52,GTY029 colony 36C 10,8220569.77,690.050273738841,14.1814,498.21,30847213.90778535,2284843.9220626527,0.07406970136405072,191.84027373884106,-50,36
GTY029 colony 36C 10 04 m-25.csv,103000000,578.68,212.31,GTY029 colony 36C 10,663254.0800000001,667.9166858448262,1.1819,498.21,14348354.49735449,168452.44981943408,0.011740192915535567,169.70668584482627,-25,36
GTY029 colony 36C 10 04 m-35.csv,103000000,578.68,212.31,GTY029 colony 36C 10,952463.14,668.8387354762608,1.6955,498.21,14348354.49735449,242967.17981019587,0.016933452533180265,170.62873547626083,-35,36
GTY029 colony 36C 10 04 m-50.csv,103000000,578.68,212.31,GTY029 colony 36C 10,1636103.01,671.6129017149942,2.9038,498.21,14348354.49735449,422883.46854791325,0.029472610857634116,173.40290171499424,-50,36
GTY029 colony 36C 10 05 m-25.csv,125000000,585.67,255.02,GTY029 colony 36C 10,3989075.05,732.4776599420076,6.4836,498.21,18731879.734609887,1275634.332745444,0.0680996435391651,234.26765994200758,-25,36
GTY029 colony 36C 10 05 m-35.csv,125000000,585.67,255.02,GTY029 colony 36C 10,4628628.5,721.08,7.64,498.21,18731879.734609887,1430021.6679264302,0.07634159989209498,222.87000000000006,-35,36
GTY029 colony 36C 10 05 m-50.csv,125000000,585.67,255.02,GTY029 colony 36C 10,6018588,702.53,10.2,498.21,18731879.734609887,1750284.7064751827,0.09343881827520362,204.32,-50,36
GTY029 colony 36C 10 06 m-25.csv,232000000,585.87,471.39,GTY029 colony 36C 10,14429472,726.16,23.66,498.21,34703995.464852616,4529517.930629041,0.13051862962627545,227.95,-25,36
GTY029 colony 36C 10 06 m-35.csv,232000000,585.87,471.39,GTY029 colony 36C 10,16169901.11,716.4688205309471,26.8765,498.21,34703995.464852616,4926541.689762326,0.1419589192475492,218.25882053094716,-35,36
GTY029 colony 36C 10 06 m-50.csv,232000000,585.87,471.39,GTY029 colony 36C 10,20805834,700.53,35.36,498.21,34703995.464852616,6008260.015117157,0.17312876902609617,202.32,-50,36
GTY029 colony 36C 10 07 m-25.csv,209000000,577.57,430.56,GTY029 colony 36C 10,5757887.61,692.2199557669586,9.902099999999999,498.21,28696767.95162512,1613425.7016880831,0.05622325498146259,194.00995576695863,-25,36
GTY029 colony 36C 10 07 m-35.csv,209000000,577.57,430.56,GTY029 colony 36C 10,7424889.83,681.7338420253087,12.9679,498.21,28696767.95162512,1998756.0519022434,0.06965091174279968,183.52384202530874,-35,36
GTY029 colony 36C 10 07 m-50.csv,209000000,577.57,430.56,GTY029 colony 36C 10,12907194.24,642.5945440444186,23.9179,498.21,28696767.95162512,2900289.8177542626,0.10106677597433118,144.38454404441865,-50,36
GTY029 colony 36C 11 01 m-25.csv,132000000,562.45,280.28,GTY029 colony 36C 11,3096840.69,663.9895223687054,5.5524000000000004,505.4,13429053.497942401,739525.0390526579,0.055069036635081385,158.5895223687054,-25,36
GTY029 colony 36C 11 01 m-35.csv,132000000,562.45,280.28,GTY029 colony 36C 11,4034756.65,657.0176060075505,7.3108,505.4,13429053.497942401,930919.622071051,0.06932131309281674,151.61760600755053,-35,36
GTY029 colony 36C 11 01 m-50.csv,132000000,562.45,280.28,GTY029 colony 36C 11,6457503.19,638.2209952685316,12.046999999999999,505.4,13429053.497942401,1343826.765768036,0.10006861362000956,132.82099526853165,-50,36
GTY029 colony 36C 11 02 m-25.csv,160000000,565.49,336.31,GTY029 colony 36C 11,1613270.91,684.7346847167794,2.807,505.4,16972258.25144874,422770.185605106,0.024909483425343156,179.3346847167794,-25,36
GTY029 colony 36C 11 02 m-35.csv,160000000,565.49,336.31,GTY029 colony 36C 11,2221202.43,681.7699345343952,3.8798999999999997,505.4,16972258.25144874,574702.0315780634,0.03386125894761278,176.36993453439527,-35,36
GTY029 colony 36C 11 02 m-50.csv,160000000,565.49,336.31,GTY029 colony 36C 11,3618777.14,672.2743497659906,6.41,505.4,16972258.25144874,898349.3592004699,0.0529304554462449,166.8743497659906,-50,36
GTY029 colony 36C 11 03 m-25.csv,195000000,576.37,402.4,GTY029 colony 36C 11,5754130.81,684.6944001558815,10.0076,505.4,23984486.43654993,1506934.2731166536,0.06282954096612375,179.29440015588148,-25,36
GTY029 colony 36C 11 03 m-35.csv,195000000,576.37,402.4,GTY029 colony 36C 11,7492115.14,673.6917366327216,13.2469,505.4,23984486.43654993,1872296.8052406146,0.07806282657724217,168.2917366327216,-35,36
GTY029 colony 36C 11 03 m-50.csv,195000000,576.37,402.4,GTY029 colony 36C 11,11353792.66,655.3855477898411,20.631999999999998,505.4,23984486.43654993,2598892.9386075432,0.1083572477352316,149.98554778984112,-50,36
GTY029 colony 36C 11 04 m-25.csv,187000000,577.02,385.87,GTY029 colony 36C 11,1725548.29,702.2841792217553,2.9271,505.4,23209884.437725708,484000.7399008985,0.02085321627513992,196.8841792217553,-25,36
GTY029 colony 36C 11 04 m-35.csv,187000000,577.02,385.87,GTY029 colony 36C 11,2414088.69,703.4171240196079,4.08,505.4,23209884.437725708,678516.7262954566,0.029233955391547963,198.01712401960788,-35,36
GTY029 colony 36C 11 04 m-50.csv,187000000,577.02,385.87,GTY029 colony 36C 11,4064253.91,698.6799845516365,6.9262999999999995,505.4,23209884.437725708,1124309.3617199967,0.04844097198056388,193.27998455163652,-50,36
GTY029 colony 36C 11 05 m-25.csv,161000000,570.79,336.79,GTY029 colony 36C 11,1997069.3099999998,697.7904686307882,3.4078,505.4,18495589.23322415,550624.2034097589,0.029770568348298797,192.39046863078818,-25,36
GTY029 colony 36C 11 05 m-35.csv,161000000,570.79,336.79,GTY029 colony 36C 11,2575836.33,694.669830585251,4.4152000000000005,505.4,18495589.23322415,701825.9477618211,0.03794558469654545,189.26983058525104,-35,36
GTY029 colony 36C 11 05 m-50.csv,161000000,570.79,336.79,GTY029 colony 36C 11,3884490.24,685.0942991304864,6.7509,505.4,18495589.23322415,1018810.9884941638,0.05508399735997839,179.69429913048646,-50,36
GTY029 colony 36C 11 06 m-25.csv,222000000,574.42,459.96,GTY029 colony 36C 11,19324332.14,654.2414427215712,35.1738,505.4,26661996.47266313,4396841.469723692,0.16491043625453283,148.84144272157118,-25,36
GTY029 colony 36C 11 06 m-35.csv,222000000,574.42,459.96,GTY029 colony 36C 11,22731917.34,648.0221920136753,41.7689,505.4,26661996.47266313,5003083.9640547605,0.18764851196287882,142.62219201367532,-35,36
GTY029 colony 36C 11 06 m-50.csv,222000000,574.42,459.96,GTY029 colony 36C 11,32665149.21,637.1904131944387,61.0439,505.4,26661996.47266313,6756530.447635845,0.2534142728044915,131.79041319443877,-50,36
GTY029 colony 36C 12 01 m-25.csv,148000000,560.11,313.93,GTY029 colony 36C 12,8060049,667.11,14.39,504.83,14574662.299487703,1961207.021080037,0.1345627761920064,162.28000000000003,-25,36
GTY029 colony 36C 12 01 m-35.csv,148000000,560.11,313.93,GTY029 colony 36C 12,9448089,656.89,17.13,504.83,14574662.299487703,2187610.481229529,0.150096821200888,152.06,-35,36
GTY029 colony 36C 12 01 m-50.csv,148000000,560.11,313.93,GTY029 colony 36C 12,12030178.28,641.817968318109,22.3219,504.83,14574662.299487703,2568095.8511799765,0.17620276877840557,136.98796831810904,-50,36
GTY029 colony 36C 12 02 m-25.csv,164000000,585.7,333.61,GTY029 colony 36C 12,15502206.03,672.7532473306366,27.441,504.83,22658134.458721776,3869977.181489878,0.17079857958033307,167.92324733063657,-25,36
GTY029 colony 36C 12 02 m-35.csv,164000000,585.7,333.61,GTY029 colony 36C 12,17688375.93,664.5532504496546,31.691,504.83,22658134.458721776,4251103.997648445,0.1876193296227912,159.72325044965459,-35,36
GTY029 colony 36C 12 02 m-50.csv,164000000,585.7,333.61,GTY029 colony 36C 12,22617739.88,650.274938752152,41.4137,504.83,22658134.458721776,5058715.931804819,0.22326268479961164,145.44493875215204,-50,36
GTY029 colony 36C 12 03 m-25.csv,192000000,567.89,403.28,GTY029 colony 36C 12,5892461.28,701.6524867513249,10.001,504.83,21357887.62912572,1653163.4248761234,0.07740294609574154,196.8224867513249,-25,36
GTY029 colony 36C 12 03 m-35.csv,192000000,567.89,403.28,GTY029 colony 36C 12,6905887.17,690.3146326307834,11.908999999999999,504.83,21357887.62912572,1855157.8819181991,0.0868605507310715,185.48463263078344,-35,36
GTY029 colony 36C 12 03 m-50.csv,192000000,567.89,403.28,GTY029 colony 36C 12,9146014.03,670.2804505169865,16.248,504.83,21357887.62912572,2257696.2459057677,0.10570784363650974,165.45045051698656,-50,36
GTY029 colony 36C 12 04 m-25.csv,159000000,569.38,331.49,GTY029 colony 36C 12,11839079.2,705.6283971323007,19.974200000000003,504.83,17970672.293608803,3368428.1044763606,0.18744029435528287,200.79839713230075,-25,36
GTY029 colony 36C 12 04 m-35.csv,159000000,569.38,331.49,GTY029 colony 36C 12,13079044.63,697.4741000716718,22.323999999999998,504.83,17970672.293608803,3611813.9665742856,0.200983797799196,192.64410007167186,-35,36
GTY029 colony 36C 12 04 m-50.csv,159000000,569.38,331.49,GTY029 colony 36C 12,16223447.5,678.4412090416511,28.4771,504.83,17970672.293608803,4152132.1583942235,0.23105046325233544,173.61120904165108,-50,36
GTY029 colony 36C 13 01 m-25.csv,225000000,613.15,437.91,GTY029 colony 36C 13,14836721.59,1104.1712278388463,16.0021,509.95,37954406.6515495,7985880.16292937,0.21040719293139953,594.2212278388463,-25,36
GTY029 colony 36C 13 01 m-35.csv,225000000,613.15,437.91,GTY029 colony 36C 13,16581376.33,1061.829510083356,18.595,509.95,37954406.6515495,8618627.269673303,0.2270784351550769,551.8795100833559,-35,36
GTY029 colony 36C 13 01 m-50.csv,225000000,613.15,437.91,GTY029 colony 36C 13,20576828,979.1962048987094,25.027,509.95,37954406.6515495,9862958.57058873,0.2598633318428144,469.24620489870944,-50,36
GTY029 colony 36C 13 02 m-25.csv,140000000,638.55,260.55,GTY029 colony 36C 13,16360162,1119.72,17.4,509.95,28140362.811791375,8910723.104056437,0.3166527440905156,609.77,-25,36
GTY029 colony 36C 13 02 m-35.csv,140000000,638.55,260.55,GTY029 colony 36C 13,18168334,1084.09,19.95,509.95,28140362.811791375,9619629.629629627,0.341844548841382,574.1399999999999,-35,36
GTY029 colony 36C 13 02 m-50.csv,140000000,638.55,260.55,GTY029 colony 36C 13,21352764,1026.33,24.77,509.95,28140362.811791375,10742195.851179974,0.3817362243346336,516.3799999999999,-50,36
GTY029 colony 36C 13 03 m-25.csv,121000000,615.22,234.72,GTY029 colony 36C 13,8287550.57,928.8920095383224,10.6308,509.95,20751637.18820862,3740395.3262786586,0.18024579421637177,418.94200953832245,-25,36
GTY029 colony 36C 13 03 m-35.csv,121000000,615.22,234.72,GTY029 colony 36C 13,9826742.3,897.8276468602295,13.0328,509.95,20751637.18820862,4245512.55228017,0.20458687253324434,387.8776468602295,-35,36
GTY029 colony 36C 13 03 m-50.csv,121000000,615.22,234.72,GTY029 colony 36C 13,13273986.37,841.8251840409098,18.773000000000003,509.95,20751637.18820862,5232462.274292434,0.2521469620365951,331.8751840409098,-50,36
GTY029 colony 36C 14 01 m-25.csv,178000000,581.88,363.99,GTY029 colony 36C 14,13372895.5,694.5161780104711,22.92,500.88,24761224.48979592,3727337.868480724,0.15053124170077925,193.6361780104711,-25,36
GTY029 colony 36C 14 01 m-35.csv,178000000,581.88,363.99,GTY029 colony 36C 14,15085507,683.565601217656,26.28,500.88,24761224.48979592,4032063.1561266473,0.16283779333240395,182.68560121765597,-35,36
GTY029 colony 36C 14 01 m-50.csv,178000000,581.88,363.99,GTY029 colony 36C 14,18997195.5,665.0735101234336,34.0102,500.88,24761224.48979592,4689891.75946922,0.18940467832687036,164.1935101234336,-50,36
GTY029 colony 36C 14 03 m-25.csv,169000000,555.37,361.77,GTY029 colony 36C 14,2241296.71,670.0436312021104,3.9805,500.88,16555679.264298314,565512.5841941719,0.034158222998054696,169.16363120211042,-25,36
GTY029 colony 36C 14 03 m-35.csv,169000000,555.37,361.77,GTY029 colony 36C 14,2915916.71,668.028177518888,5.2017,500.88,16555679.264298314,730204.6485260769,0.044105991476938985,167.14817751888802,-35,36
GTY029 colony 36C 14 03 m-50.csv,169000000,555.37,361.77,GTY029 colony 36C 14,4454080.54,664.8862833855799,7.9750000000000005,500.88,16555679.264298314,1098471.579743008,0.06635013654267993,164.00628338557988,-50,36
GTY029 colony 36C 14 04 m-25.csv,108000000,574.02,224.07,GTY029 colony 36C 14,2785271.27,709.6265285295565,4.6741,500.88,13763735.449735446,819435.751238767,0.05953585450921447,208.74652852955649,-25,36
GTY029 colony 36C 14 04 m-35.csv,108000000,574.02,224.07,GTY029 colony 36C 14,3479711.71,703.5072344900105,5.896199999999999,500.88,13763735.449735446,1003385.1515915008,0.07290064207175583,202.62723449001055,-35,36
GTY029 colony 36C 14 04 m-50.csv,108000000,574.02,224.07,GTY029 colony 36C 14,5135789.75,688.1627131059004,8.887599999999999,500.88,13763735.449735446,1397912.0189804316,0.10156487125791865,187.28271310590037,-50,36
GTY029 colony 36C 14 05 m-25.csv,183000000,611.77,356.24,GTY029 colony 36C 14,13547032.14,751.2349524874231,21.468,500.88,33176663.811203487,4513832.300327538,0.13605443651640625,250.35495248742313,-25,36
GTY029 colony 36C 14 05 m-35.csv,183000000,611.77,356.24,GTY029 colony 36C 14,15622993.32,741.55225433526,25.085,500.88,33176663.811203487,5070348.114554462,0.1528287516613484,240.67225433526005,-35,36
GTY029 colony 36C 14 05 m-50.csv,183000000,611.77,356.24,GTY029 colony 36C 14,20067744.38,724.3159568618773,32.9917,500.88,33176663.811203487,6190923.035189384,0.18660474936297722,223.43595686187734,-50,36
GTY029 colony 36C 15 01 m-25.csv,172000000,567.82,360.69,GTY029 colony 36C 15,9327784.89,645.6145310773882,17.199,515.13,15960994.457042092,1884776.5600067182,0.1180864115377938,130.48453107738817,-25,36
GTY029 colony 36C 15 01 m-35.csv,172000000,567.82,360.69,GTY029 colony 36C 15,11536022.28,637.9133943548162,21.5334,515.13,15960994.457042092,2220495.4598135543,0.13912011972624033,122.78339435481621,-35,36
GTY029 colony 36C 15 01 m-50.csv,172000000,567.82,360.69,GTY029 colony 36C 15,18132370.28,621.7725245142508,34.7247,515.13,15960994.457042092,3110044.235323763,0.19485278587711002,106.6425245142508,-50,36
GTY029 colony 36C 15 02 m-25.csv,159000000,592.7,318.96,GTY029 colony 36C 15,4093912.88,688.5124732427777,7.0822,515.13,20779144.368858665,1031266.7775258252,0.04962989616990036,173.38247324277768,-25,36
GTY029 colony 36C 15 02 m-35.csv,159000000,592.7,318.96,GTY029 colony 36C 15,5327198.95,682.8842780247817,9.289100000000001,515.13,20779144.368858665,1308714.4234483915,0.06298211322934637,167.75427802478168,-35,36
GTY029 colony 36C 15 02 m-50.csv,159000000,592.7,318.96,GTY029 colony 36C 15,8836042.64,667.5719232672325,15.7638,515.13,20779144.368858665,2018194.331065759,0.09712595933884512,152.44192326723248,-50,36
GTY029 colony 36C 15 03 m-25.csv,203000000,578.42,418.85,GTY029 colony 36C 15,11094580.91,674.2023704811285,19.5956,515.13,22263388.34299151,2617887.4132863027,0.11758710637190187,159.07237048112847,-25,36
GTY029 colony 36C 15 03 m-35.csv,203000000,578.42,418.85,GTY029 colony 36C 15,14503519.02,666.3984801197752,25.915200000000002,515.13,22263388.34299151,3292309.49525489,0.1478799832502273,151.26848011977518,-35,36
GTY029 colony 36C 15 03 m-50.csv,203000000,578.42,418.85,GTY029 colony 36C 15,21994321.64,652.2792440616586,40.1501,515.13,22263388.34299151,4624637.493911143,0.20772388383401552,137.14924406165858,-50,36
GTY029 colony 36C 15 04 m-25.csv,186000000,581.53,381.8,GTY029 colony 36C 15,13046387.459999999,657.9449840108091,23.6097,515.13,21291274.040480383,2831795.5219618706,0.13300263368823645,142.8149840108091,-25,36
GTY029 colony 36C 15 04 m-35.csv,186000000,581.53,381.8,GTY029 colony 36C 15,16119810.44,644.484097732118,29.7855,515.13,21291274.040480383,3235807.9096329897,0.1519781250986135,129.35409773211802,-35,36
GTY029 colony 36C 15 04 m-50.csv,186000000,581.53,381.8,GTY029 colony 36C 15,23762572.93,625.0748862029969,45.273599999999995,515.13,21291274.040480383,4180398.7570336787,0.1963432882919842,109.94488620299694,-50,36
GTY029 colony 36C 15 05 m-25.csv,112000000,579.93,230.04,GTY029 colony 36C 15,1340424.43,690.2169486457204,2.3074999999999997,515.13,12519183.673469378,339307.2427983538,0.027102984639279064,175.08694864572044,-25,36
GTY029 colony 36C 15 05 m-35.csv,112000000,579.93,230.04,GTY029 colony 36C 15,1740689.43,683.4144055482166,3.028,515.13,12519183.673469378,427954.2957923908,0.034183881869175745,168.28440554821657,-35,36
GTY029 colony 36C 15 05 m-50.csv,112000000,579.93,230.04,GTY029 colony 36C 15,2641134.83,669.318216466983,4.6991000000000005,515.13,12519183.673469378,608504.1135466532,0.04860573416110138,154.18821646698302,-50,36
GTY029 colony 36C 15 06 m-25.csv,119000000,573.56,246.25,GTY029 colony 36C 15,4299403.01,662.6736144874633,7.725300000000001,515.13,12083973.712941956,957267.7290669356,0.0792179585794448,147.5436144874633,-25,36
GTY029 colony 36C 15 06 m-35.csv,119000000,573.56,246.25,GTY029 colony 36C 15,5307105.8,659.426869129618,9.581999999999999,515.13,12083973.712941956,1161209.8765432097,0.09609503497177853,144.29686912961802,-35,36
GTY029 colony 36C 15 06 m-50.csv,119000000,573.56,246.25,GTY029 colony 36C 15,8356052.77,648.5612687671536,15.339300000000001,515.13,12083973.712941956,1718940.3384563697,0.14224959266630824,133.4312687671536,-50,36
GTY029 colony 36C 17 01 m-25.csv,254000000,547.02,552.95,GTY029 colony 36C 17,11317458.86,672.781511258675,20.029,487.97,27422270.51314351,3108750.9523809524,0.11336592099078471,184.81151125867495,-25,36
GTY029 colony 36C 17 01 m-35.csv,254000000,547.02,552.95,GTY029 colony 36C 17,13015905.81,656.2779012345678,23.6115,487.97,27422270.51314351,3337534.231964389,0.1217088946141315,168.3079012345678,-35,36
GTY029 colony 36C 17 01 m-50.csv,254000000,547.02,552.95,GTY029 colony 36C 17,16397686.32,631.6480550981654,30.9121,487.97,27422270.51314351,3730066.6893424015,0.13602326209839474,143.67805509816537,-50,36
GTY029 colony 36C 17 02 m-25.csv,235000000,570.15,489.97,GTY029 colony 36C 17,5831062.05,716.8730087051705,9.6839,487.97,33816859.49441503,1861656.0393046108,0.05505112145650514,228.90300870517046,-25,36
GTY029 colony 36C 17 02 m-35.csv,235000000,570.15,489.97,GTY029 colony 36C 17,6752262.76,706.3016222866685,11.379,487.97,33816859.49441503,2086499.983203158,0.06169999267814182,218.33162228666845,-35,36
GTY029 colony 36C 17 02 m-50.csv,235000000,570.15,489.97,GTY029 colony 36C 17,9029882.16,686.5237460885114,15.659,487.97,33816859.49441503,2611197.7072310406,0.07721585464381424,198.5537460885114,-50,36
GTY029 colony 36C 17 03 m-25.csv,281000000,563.27,593.26,GTY029 colony 36C 17,7927438,733.28,12.87,487.97,37517828.16830434,2651498.8662131513,0.07067303721096467,245.30999999999995,-25,36
GTY029 colony 36C 17 03 m-35.csv,281000000,563.27,593.26,GTY029 colony 36C 17,8927118,722.6700000000001,14.71,487.97,37517828.16830434,2899501.973628958,0.0772833107668664,234.70000000000005,-35,36
GTY029 colony 36C 17 03 m-50.csv,281000000,563.27,593.26,GTY029 colony 36C 17,10911523,702.34,18.5,487.97,37517828.16830434,3330683.631477282,0.08877602446857775,214.37,-50,36
GTY029 colony 36C 17 04 m-25.csv,212000000,546.48,460.96,GTY029 colony 36C 17,10799043,657.4,19.56,487.97,22651188.040648352,2783279.4154698905,0.1228756483092718,169.42999999999995,-25,36
GTY029 colony 36C 17 04 m-35.csv,212000000,546.48,460.96,GTY029 colony 36C 17,12537516,645.56,23.12,487.97,22651188.040648352,3059948.601662886,0.13508998274932427,157.58999999999992,-35,36
GTY029 colony 36C 17 04 m-50.csv,212000000,546.48,460.96,GTY029 colony 36C 17,16225241.9,626.4568422537312,30.841299999999997,487.97,22651188.040648352,3587061.6007390604,0.1583608592318404,138.4868422537312,-50,36
GTY029 colony 36C 5 01 m-25.csv,71803648,520.35,164.31,GTY029 colony 36C 5,692296.06,805.93,1.02,460.69,8232749.307130262,295746.0317460317,0.035923118840736526,345.23999999999995,-25,36
GTY029 colony 36C 5 01 m-35.csv,71803648,520.35,164.31,GTY029 colony 36C 5,846926.5,796.73,1.27,460.69,8232749.307130262,358420.08902326366,0.043535892525336746,336.04,-35,36
GTY029 colony 36C 5 01 m-50.csv,71803648,520.35,164.31,GTY029 colony 36C 5,1148721.5,777.74,1.76,460.69,8232749.307130262,468638.61594020325,0.056923707798842156,317.05,-50,36
GTY029 colony 36C 5 03 m-25.csv,185000000,549.5,401.03,GTY029 colony 36C 5,18180118,836.41,25.88,460.69,29911375.073486183,8166316.956412193,0.27301710256881234,375.71999999999997,-25,36
GTY029 colony 36C 5 03 m-35.csv,185000000,549.5,401.03,GTY029 colony 36C 5,20462964,806.39,30.22,460.69,29911375.073486183,8773875.871336188,0.29332907129079,345.7,-35,36
GTY029 colony 36C 5 03 m-50.csv,185000000,549.5,401.03,GTY029 colony 36C 5,25961703.2,751.0538669478575,41.158300000000004,460.69,29911375.073486183,10036854.913076345,0.33555310942468636,290.3638669478575,-50,36
GTY029 colony 36C 5 04 m-25.csv,196000000,532.7,437.83,GTY029 colony 36C 5,13396062.11,773.9405288694808,20.610000000000003,460.69,26478658.184261374,5422099.101368942,0.2047724270481266,313.2505288694808,-25,36
GTY029 colony 36C 5 04 m-35.csv,196000000,532.7,437.83,GTY029 colony 36C 5,15448674.34,745.0534675890672,24.689200000000003,460.69,26478658.184261374,5896284.978584025,0.22268065615533014,284.36346758906717,-35,36
GTY029 colony 36C 5 04 m-50.csv,196000000,532.7,437.83,GTY029 colony 36C 5,19916578.33,695.3914407945086,34.104099999999995,460.69,26478658.184261374,6722332.583354331,0.2538773882186376,234.70144079450864,-50,36
GTY029 colony 36C 5 05 m-25.csv,171000000,552.25,369.27,GTY029 colony 36C 5,22071440.1,750.9823273891175,34.992000000000004,460.69,28395365.07936508,8531039.82531284,0.30043775811540274,290.2923273891175,-25,36
GTY029 colony 36C 5 05 m-35.csv,171000000,552.25,369.27,GTY029 colony 36C 5,24962730.24,727.0815179770416,40.8827,460.69,28395365.07936508,9146556.237507347,0.32211440888126325,266.3915179770416,-35,36
GTY029 colony 36C 5 05 m-50.csv,171000000,552.25,369.27,GTY029 colony 36C 5,31303224,684.27,54.47,460.69,28395365.07936508,10227935.332157552,0.3601973527570595,223.57999999999998,-50,36
GTY029 colony 36C 5 06 m-25.csv,156000000,536.78,346.72,GTY029 colony 36C 5,6699430.41,793.6816114111784,10.0533,460.69,22156651.381540265,2811509.672461577,0.12689235498844273,332.99161141117844,-25,36
GTY029 colony 36C 5 06 m-35.csv,156000000,536.78,346.72,GTY029 colony 36C 5,7954819.57,769.4007253065105,12.3079,460.69,22156651.381540265,3191047.901234568,0.1440221198720118,308.7107253065105,-35,36
GTY029 colony 36C 5 06 m-50.csv,156000000,536.78,346.72,GTY029 colony 36C 5,11184239,708.85,18.79,460.69,22156651.381540265,3916121.945074326,0.17674701278808894,248.16000000000003,-50,36
GTY029 colony 36C 5 07 m-25.csv,134000000,517.67,307.13,GTY029 colony 36C 5,3100332.97,757.6537077106257,4.8712,460.69,14697461.493239261,1214890.0755857895,0.08265985770023151,296.96370771062567,-25,36
GTY029 colony 36C 5 07 m-35.csv,134000000,517.67,307.13,GTY029 colony 36C 5,3830482.75,726.1600000000001,6.28,460.69,14697461.493239261,1400144.1169060222,0.09526435007501667,265.4700000000001,-35,36
GTY029 colony 36C 5 07 m-50.csv,134000000,517.67,307.13,GTY029 colony 36C 5,5453069,670.9,9.68,460.69,14697461.493239261,1708938.271604938,0.11627438332742282,210.20999999999998,-50,36
GTY029 colony 36C 6 01 m-25.csv,225000000,577.21,464.54,GTY029 colony 36C 6,14546872,910.32,19.03,483.89,36407888.468967855,6815287.561938357,0.18719260711170727,426.43000000000006,-25,36
GTY029 colony 36C 6 01 m-35.csv,225000000,577.21,464.54,GTY029 colony 36C 6,16622870,887.1700000000001,22.31,483.89,36407888.468967855,7556207.944906359,0.20754315239530763,403.2800000000001,-35,36
GTY029 colony 36C 6 01 m-50.csv,225000000,577.21,464.54,GTY029 colony 36C 6,20815112,850.64,29.14,483.89,36407888.468967855,8975472.411186697,0.24652548633346072,366.75,-50,36
GTY029 colony 36C 6 02 m-25.csv,124000000,550.86,268.08,GTY029 colony 36C 6,815407.38,764.21,1.27,483.89,15077952.128999753,298989.1660367851,0.01982956063786227,280.32000000000005,-25,36
GTY029 colony 36C 6 02 m-35.csv,124000000,550.86,268.08,GTY029 colony 36C 6,1113884.75,753.13,1.76,483.89,15077952.128999753,397969.5977156295,0.026394141214323524,269.24,-35,36
GTY029 colony 36C 6 02 m-50.csv,124000000,550.86,268.08,GTY029 colony 36C 6,1756914.62,733.27,2.85,483.89,15077952.128999753,596903.5021415974,0.03958783640077753,249.38,-50,36
GTY029 colony 36C 6 03 m-25.csv,214000000,571.07,446.21,GTY029 colony 36C 6,4553680.69,924.4169339703122,5.861,483.89,32670351.725875556,2168412.160913748,0.0663724767675618,440.52693397031226,-25,36
GTY029 colony 36C 6 03 m-35.csv,214000000,571.07,446.21,GTY029 colony 36C 6,5266103.6,902.0415344577206,6.954899999999999,483.89,32670351.725875556,2442430.5929285297,0.07475984995270428,418.1515344577206,-35,36
GTY029 colony 36C 6 03 m-50.csv,214000000,571.07,446.21,GTY029 colony 36C 6,6744474.94,866.6692935839274,9.258000000000001,483.89,32670351.725875556,2976207.8609221466,0.09109812731415842,382.77929358392737,-50,36
GTY029 colony 36C 6 04 m-25.csv,117000000,575.06,243.17,GTY029 colony 36C 6,1502949.69,868.805935828877,2.057,483.89,18619139.07785335,664963.5340555975,0.03571397857200296,384.91593582887697,-25,36
GTY029 colony 36C 6 04 m-35.csv,117000000,575.06,243.17,GTY029 colony 36C 6,1858237.75,851.2300000000001,2.6,483.89,18619139.07785335,802119.7614848411,0.043080389384862985,367.34000000000015,-35,36
GTY029 colony 36C 6 04 m-50.csv,117000000,575.06,243.17,GTY029 colony 36C 6,2489015.25,824.18,3.6,483.89,18619139.07785335,1028843.5374149658,0.05525730986341522,340.28999999999996,-50,36
GTY029 colony 36C 6 05 m-25.csv,215000000,567.79,451.51,GTY029 colony 36C 6,8231230.01,989.680257497728,9.903,483.89,31814637.60812966,4206635.525321241,0.1322232733603827,505.790257497728,-25,36
GTY029 colony 36C 6 05 m-35.csv,215000000,567.79,451.51,GTY029 colony 36C 6,9243647.89,956.7979897400226,11.501,483.89,31814637.60812966,4567829.671621734,0.14357635400047766,472.9079897400226,-35,36
GTY029 colony 36C 6 05 m-50.csv,215000000,567.79,451.51,GTY029 colony 36C 6,11420431.11,897.7636829944547,15.148,483.89,31814637.60812966,5265271.310993533,0.16549839026448904,413.8736829944547,-50,36
GTY029 colony 36C 6 06 m-25.csv,162000000,588.9,327.39,GTY029 colony 36C 6,10759684,920.42,13.92,483.89,28873119.929453257,5103298.563869991,0.17674912085493588,436.53,-25,36
GTY029 colony 36C 6 06 m-35.csv,162000000,588.9,327.39,GTY029 colony 36C 6,11966106,902.49,15.79,483.89,28873119.929453257,5551099.353321575,0.19225838312190638,418.6,-35,36
GTY029 colony 36C 6 06 m-50.csv,162000000,588.9,327.39,GTY029 colony 36C 6,14714502.49,863.3788179641072,20.2938,483.89,28873119.929453257,6467850.990173846,0.22400942488989692,379.48881796410717,-50,36
GTY029 colony 36C 7 01 m-25.csv,156000000,572.6,324.01,GTY029 colony 36C 7,5635465.31,870.8831818594457,7.7109,484.09,24085097.08574789,2504848.867052994,0.10399994893668969,386.7931818594457,-25,36
GTY029 colony 36C 7 01 m-35.csv,156000000,572.6,324.01,GTY029 colony 36C 7,6669808.02,850.5222204742947,9.3444,484.09,24085097.08574789,2875694.3319056015,0.11939724891569004,366.43222047429475,-35,36
GTY029 colony 36C 7 01 m-50.csv,156000000,572.6,324.01,GTY029 colony 36C 7,9199450.73,809.0990105417125,13.5367,484.09,24085097.08574789,3694926.9110607198,0.15341133556182154,325.0090105417125,-50,36
GTY029 colony 36C 7 02 m-25.csv,98867376,540.28,217.89,GTY029 colony 36C 7,655173.05,768.9871051335107,1.0149,484.09,10282387.755102038,242833.68774670362,0.023616468618994794,284.8971051335107,-25,36
GTY029 colony 36C 7 02 m-35.csv,98867376,540.28,217.89,GTY029 colony 36C 7,892172.7999999999,749.045267983075,1.418,484.09,10282387.755102038,315534.1983707066,0.030686860473058998,264.955267983075,-35,36
GTY029 colony 36C 7 02 m-50.csv,98867376,540.28,217.89,GTY029 colony 36C 7,1403155,731.19,2.28,484.09,10282387.755102038,473156.9664902999,0.046016253982983986,247.10000000000008,-50,36
GTY029 colony 36C 7 03 m-25.csv,183000000,583.34,374.27,GTY029 colony 36C 7,10907197.99,941.7396624714373,13.7855,484.09,31197024.859326463,5298504.595616024,0.16984006069514723,457.64966247143735,-25,36
GTY029 colony 36C 7 03 m-35.csv,183000000,583.34,374.27,GTY029 colony 36C 7,12936668.77,901.8786151774212,17.078,484.09,31197024.859326463,5992268.3883429915,0.1920782002567011,417.78861517742126,-35,36
GTY029 colony 36C 7 03 m-50.csv,183000000,583.34,374.27,GTY029 colony 36C 7,17110091.8,840.8215390328436,24.236,484.09,31197024.859326463,7261061.207692952,0.23274851497649243,356.7315390328436,-50,36
GTY029 colony 36C 7 04 m-25.csv,152000000,596.53,303.91,GTY029 colony 36C 7,8575521.77,1099.0822050602644,9.2841,484.09,28698782.564877804,4795203.771730916,0.1670873585278628,614.9922050602645,-25,36
GTY029 colony 36C 7 04 m-35.csv,152000000,596.53,303.91,GTY029 colony 36C 7,9626273.33,1064.8938938957538,10.763000000000002,484.09,28698782.564877804,5250014.537666919,0.1829350957936453,580.8038938957538,-35,36
GTY029 colony 36C 7 04 m-50.csv,152000000,596.53,303.91,GTY029 colony 36C 7,12185535.56,986.9829524586819,14.703,484.09,28698782.564877804,6209822.020660115,0.21637928391637878,502.8929524586819,-50,36
GTY029 colony 36C 7 05 m-25.csv,186000000,574.89,385.47,GTY029 colony 36C 7,11422724.05,1091.8280529907668,12.455,484.09,29395041.572184436,6357081.926597801,0.21626375016299684,607.7380529907668,-25,36
GTY029 colony 36C 7 05 m-35.csv,186000000,574.89,385.47,GTY029 colony 36C 7,12658358.74,1054.8732402742794,14.292,484.09,29395041.572184436,6851124.607373816,0.23307075754765424,570.7832402742795,-35,36
GTY029 colony 36C 7 05 m-50.csv,186000000,574.89,385.47,GTY029 colony 36C 7,15491290.03,983.3120089571338,18.756,484.09,29395041.572184436,7863784.328546234,0.2675207758844429,499.2220089571338,-50,36
GTY029 colony 36C 8 01 m-25.csv,225000000,573.52,467.71,GTY029 colony 36C 8,14020801,978.6299999999999,17.06,484.87,34821946.334089175,7074448.307718147,0.2031606228969622,493.7599999999999,-25,36
GTY029 colony 36C 8 01 m-35.csv,225000000,573.52,467.71,GTY029 colony 36C 8,15813442,949.6400000000001,19.83,484.87,34821946.334089175,7740311.665406904,0.22228256833046334,464.7700000000001,-35,36
GTY029 colony 36C 8 01 m-50.csv,225000000,573.52,467.71,GTY029 colony 36C 8,19813536,892.14,26.44,484.87,34821946.334089175,9043603.594524229,0.25970988260558353,407.27,-50,36
GTY029 colony 36C 8 02 m-25.csv,96470576,535.54,214.49,GTY029 colony 36C 8,272727.71,882.5965524741708,0.3678,484.87,9127578.987150408,122855.31704039642,0.013459792264010999,397.72655247417083,-25,36
GTY029 colony 36C 8 02 m-35.csv,96470576,535.54,214.49,GTY029 colony 36C 8,401513.85,865.3360550126674,0.5526,484.87,9127578.987150408,176573.05954480558,0.01934500482476032,380.4660550126674,-35,36
GTY029 colony 36C 8 02 m-50.csv,96470576,535.54,214.49,GTY029 colony 36C 8,679004.6,843.4785410366044,0.9589000000000001,484.87,9127578.987150408,288796.2794994541,0.03163996497932417,358.6085410366044,-50,36
GTY029 colony 36C 8 03 m-25.csv,167000000,622.57,320.26,GTY029 colony 36C 8,10480071.54,1263.1197079634373,9.8789,484.87,37036870.74829933,6456916.9732090365,0.17433754101662402,778.2497079634373,-25,36
GTY029 colony 36C 8 03 m-35.csv,167000000,622.57,320.26,GTY029 colony 36C 8,11824023.06,1193.072018807184,11.804,484.87,37036870.74829933,7020758.066683463,0.18956131889208927,708.2020188071839,-35,36
GTY029 colony 36C 8 03 m-50.csv,167000000,622.57,320.26,GTY029 colony 36C 8,14848257.75,1081.2969638598424,16.352999999999998,484.87,37036870.74829933,8191290.95490048,0.22116584877183798,596.4269638598424,-50,36
GTY029 colony 36C 8 04 m-25.csv,185000000,556.55,396.3,GTY029 colony 36C 8,2986317.23,922.2337926560269,3.8535,484.87,23857213.403880052,1415454.2496010747,0.059330242205523895,437.36379265602693,-25,36
GTY029 colony 36C 8 04 m-35.csv,185000000,556.55,396.3,GTY029 colony 36C 8,3510009.61,904.8738924475219,4.621,484.87,23857213.403880052,1629997.4695557228,0.06832304519230338,420.00389244752193,-35,36
GTY029 colony 36C 8 04 m-50.csv,185000000,556.55,396.3,GTY029 colony 36C 8,4541494.14,869.3668123393317,6.224,484.87,23857213.403880052,2009833.0057949107,0.08424424813453019,384.49681233933165,-50,36
GTY029 colony 36C 9 01 m-25.csv,223000000,536.96,495.49,GTY029 colony 36C 9,6955701.5,660.1226822854411,12.549000000000001,487.94,20398857.646762423,1814664.046359285,0.08895910142533384,172.1826822854411,-25,36
GTY029 colony 36C 9 01 m-35.csv,223000000,536.96,495.49,GTY029 colony 36C 9,7885204.35,649.5270015220699,14.454,487.94,20398857.646762423,1961517.1915679837,0.09615818814634962,161.5870015220699,-35,36
GTY029 colony 36C 9 01 m-50.csv,223000000,536.96,495.49,GTY029 colony 36C 9,9827599.72,631.5980204897902,18.5263,487.94,20398857.646762423,2235199.1139665744,0.10957471995111114,143.6580204897902,-50,36
GTY029 colony 36C 9 02 m-25.csv,163000000,538.4,359.89,GTY029 colony 36C 9,4783858.47,677.0248769468553,8.411,487.94,15251574.200050384,1335678.9283614682,0.08757646331072211,189.08487694685533,-25,36
GTY029 colony 36C 9 02 m-35.csv,163000000,538.4,359.89,GTY029 colony 36C 9,5428316.11,670.2470939639079,9.642,487.94,15251574.200050384,1476278.6596119928,0.09679516620698182,182.3070939639079,-35,36
GTY029 colony 36C 9 02 m-50.csv,163000000,538.4,359.89,GTY029 colony 36C 9,6987264.94,653.4461860611299,12.727,487.94,15251574.200050384,1769041.0934744268,0.11599072136885272,165.50618606112988,-50,36
GTY029 colony 36C 9 03 m-25.csv,123000000,552.96,265.35,GTY029 colony 36C 9,2236590.6,681.2663881056138,3.9010000000000002,487.94,14489843.789367609,633380.5660535815,0.04371203549608623,193.32638810561383,-25,36
GTY029 colony 36C 9 03 m-35.csv,123000000,552.96,265.35,GTY029 colony 36C 9,2652574.4799999995,676.654276541096,4.672,487.94,14489843.789367609,740466.1963550856,0.0511024278190236,188.714276541096,-35,36
GTY029 colony 36C 9 03 m-50.csv,123000000,552.96,265.35,GTY029 colony 36C 9,3539134.13,666.7670230939576,6.322,487.94,14489843.789367609,949478.827580415,0.06552719555728584,178.82702309395762,-50,36
GTY029 colony 36C 9 04 m-25.csv,195000000,568.45,408.95,GTY029 colony 36C 9,5543372.9799999995,731.6045207239539,9.0282,487.94,27651435.710086517,1847528.3665070971,0.06681491644331392,243.6645207239539,-25,36
GTY029 colony 36C 9 04 m-35.csv,195000000,568.45,408.95,GTY029 colony 36C 9,6571280.53,724.8288458938048,10.7971,487.94,27651435.710086517,2148074.710674393,0.0776840209382268,236.88884589380478,-35,36
GTY029 colony 36C 9 04 m-50.csv,195000000,568.45,408.95,GTY029 colony 36C 9,8896988.58,709.7174412060301,14.925,487.94,27651435.710086517,2779901.158982111,0.1005337006052122,221.77744120603012,-50,36
