<?xml version="1.0" encoding="UTF-8" standalone="yes"?>
<recoveryLog xmlns="http://schemas.openxmlformats.org/spreadsheetml/2006/main"><logFileName>Repair Result to fits 2020-03-07 18_16_08  07444.xml</logFileName><summary>Errors were detected in file 'Macintosh HD:Users:lesley:Desktop:research:images:images IB growth:htt tiffs 18_3_6:R_curve_fitting_example:fits 2020-03-07 18_16_08 .xlsx'</summary><repairedRecords summary="Following is a list of repairs:"><repairedRecord>Repaired Records: Worksheet properties from /xl/workbook.xml (Workbook)</repairedRecord></repairedRecords></recoveryLog>