filename,RawCellIntDen,RawCellMean,CellVolume_um3,CellVoxelCount,ItemName,RawMitoIntDen,RawMitoMean,MitoVolume_um3,MitoVoxelCount,ExtracellularBackground,CellIntDenCorr,MitoIntDenCorr,FractionInMito,MitoMeanCorr,MitoThresh,Temp
GTY030 25C 01 m-50.csv,104000000,629.41,196.81,NA,GTY030 25C,3555808.14,755.0661596009976,5.614,NA,525.802991,17125132.64574619,1080946.8619517933,0.06312049572476135,229.26316860099757,-50,25
GTY030 25C 02 m-50.csv,116000000,644.95,214.87,NA,GTY030 25C,1925203.46,751.4410758394758,3.0525,NA,525.802991,21500896.803418163,578449.8647623247,0.026903522678661668,225.63808483947582,-50,25
GTY030 25C 03 m-50.csv,96751840,589.39,195.46,NA,GTY030 25C,3675109.7699999996,685.2770435327278,6.386,NA,525.802991,10438159.72045015,855296.295854539,0.08193937616981148,159.4740525327278,-50,25
GTY030 25C 04 m-50.csv,101000000,643.82,186.31,NA,GTY030 25C,3006123.42,745.0265500728711,4.803,NA,525.802991,18466237.46266062,884295.5859805157,0.04788715555990181,219.22355907287113,-50,25
GTY030 25C 05 m-50.csv,109000000,619.42,209.76,NA,GTY030 25C,3126202.38,829.1114922048997,4.49,NA,525.802991,16492066.690047858,1143743.3194003524,0.06935112141467052,303.3085012048997,-50,25
GTY030 25C 06 m-50.csv,104000000,624.48,197.89,NA,GTY030 25C,4027451.03,928.0018830515688,5.1697999999999995,NA,525.802991,16399759.226513814,1746273.4795735283,0.10648165350807673,402.1988920515688,-50,25
GTY030 25C 10 01 m-50.csv,151000000,611.39,293.81,NA,GTY030 25C 10,2804658.79,887.1344184071547,3.7681,NA,530.436226,19975668.379054327,1128810.3290580327,0.056509264553152944,356.6981924071547,-50,25
GTY030 25C 10 02 m-50.csv,135000000,591.62,270.83,NA,GTY030 25C 10,3330200.32,718.339373301938,5.521,NA,530.436226,13916520.964491468,871263.3545427058,0.06260640549213178,187.90314730193802,-50,25
GTY030 25C 10 03 m-50.csv,119000000,599.5,235.74,NA,GTY030 25C 10,2852892.76,784.4238656819756,4.333,NA,530.436226,13673548.402418738,924270.1291190058,0.06759548450170476,253.98763968197557,-50,25
GTY030 25C 10 04 m-50.csv,114000000,596.03,228.72,NA,GTY030 25C 10,2250047.75,728.8786677542142,3.678,NA,530.436226,12599821.944469627,612976.6530377087,0.0486496282042112,198.4424417542142,-50,25
GTY030 25C 10 05 m-50.csv,91366560,592.99,183.46,NA,GTY030 25C 10,1998347.96,734.4184088036743,3.2441,NA,530.436226,9638124.950062985,555755.9412391027,0.057662246974238586,203.98218280367428,-50,25
GTY030 25C 10 06 m-50.csv,140000000,579.31,288.7,NA,GTY030 25C 10,3921778.6,714.4416429325298,6.5377,NA,530.436226,11850053.375157448,1010306.7223312337,0.08525756723165899,184.00541693252978,-50,25
GTY030 25C 10 07 m-50.csv,174000000,591.72,350.59,NA,GTY030 25C 10,4055332.63,780.4502624331767,6.173,NA,530.436226,18044409.44541866,1296159.1054858484,0.07183161684545644,250.01403643317667,-50,25
GTY030 25C 10 08 m-50.csv,135000000,595.8,269.43,NA,GTY030 25C 10,3565596.4299999997,804.5079924242424,5.28,NA,530.436226,14790427.167901216,1215334.6155370788,0.08217035260311123,274.07176642424236,-50,25
GTY030 25C 13 01 m-50.csv,136000000,589.66,275.18,NA,GTY030 25C 13,4050791.44,763.2955172413795,6.322,NA,527.083758,14461854.601125384,1254162.0407524994,0.0867220750964336,236.21175924137947,-50,25
GTY030 25C 13 02 m-50.csv,128000000,586.84,259.65,NA,GTY030 25C 13,3064363.26,737.7747404564734,4.9510000000000005,NA,527.083758,13030745.137566146,876065.3851868649,0.06723064383028018,210.69098245647342,-50,25
GTY030 25C 13 03 m-50.csv,125000000,619.24,240.4,NA,GTY030 25C 13,3401124.77,768.9390381331815,5.271,NA,527.083758,18606164.925506007,1070646.8309246658,0.05754258522437282,241.8552801331815,-50,25
GTY030 25C 13 04 m-50.csv,119000000,595.14,238.17,NA,GTY030 25C 13,4338483.5,750.4778955007257,6.89,NA,527.083758,13612963.09493575,1292672.8876963132,0.0949589651188586,223.39413750072572,-50,25
GTY030 25C 13 05 m-50.csv,72189640,580.19,148.15,NA,GTY030 25C 13,2790900.14,775.0313023201586,4.2885,NA,527.083758,6607617.159905946,893023.468394222,0.1351506067592653,247.9475443201586,-50,25
GTY030 25C 13 06 m-50.csv,155000000,610.24,302.83,NA,GTY030 25C 13,4750060.5,988.3600000000001,5.72,NA,527.083758,21149075.97619888,2215923.493944739,0.10477637398619846,461.27624200000014,-50,25
GTY030 25C 13 07 m-50.csv,106000000,589.04,213.49,NA,GTY030 25C 13,2494886.39,756.7221059332825,3.927,NA,527.083758,11108623.586612914,757361.0416847236,0.06817775719733857,229.6383479332825,-50,25
GTY030 25C 13 08 m-50.csv,129000000,584.91,261.77,NA,GTY030 25C 13,2537117.97,771.6286067874456,3.919,NA,527.083758,12712837.295993948,804880.5428722595,0.06331242382264204,244.54484878744563,-50,25
GTY030 25C 13 09 m-50.csv,88304304,564.43,186.29,NA,GTY030 25C 13,2567384.7600000002,662.8904261043132,4.6091999999999995,NA,527.083758,5842975.9151591435,525707.6464486439,0.08997258487489852,135.8066681043132,-50,25
GTY030 25C 15 01 m-50.csv,203000000,586.06,412.88,NA,GTY030 25C 15,8579297.459999999,637.3785693955508,16.0212,NA,540.283363,15873232.455328776,1306443.0341012836,0.08230478812541424,97.0952063955508,-50,25
GTY030 25C 15 02 m-50.csv,197000000,591.86,396.87,NA,GTY030 25C 15,4770707.4399999995,649.098998835058,8.7558,NA,540.283363,17190912.84638448,800174.6403330817,0.046546372928728506,108.81563583505795,-50,25
GTY030 25C 15 03 m-50.csv,107000000,577.32,220.74,NA,GTY030 25C 15,1392100.07,685.7329357039489,2.4185,NA,540.283363,6866101.664046368,295431.0838872095,0.04302748464011301,145.4495727039489,-50,25
GTY030 25C 15 04 m-50.csv,119000000,589.46,240.52,NA,GTY030 25C 15,1242727.18,662.7761792368327,2.2328,NA,540.283363,9933622.853145214,229698.46316754856,0.023123332399802226,122.49281623683271,-50,25
GTY030 25C 16 01 m-50.csv,85276176,560.11,181.28,NA,GTY030 25C 16,1408036.52,693.2844097581145,2.4185,NA,522.519429,5723035.786411365,346850.68108129676,0.06060606538663457,170.76498075811458,-50,25
GTY030 25C 16 02 m-50.csv,134000000,576.47,276.3,NA,GTY030 25C 16,3322905.4,715.5256167360985,5.521,NA,522.519429,12519142.325774774,894924.9705979679,0.07148452723917599,193.00618773609858,-50,25
GTY030 25C 16 03 m-50.csv,71023784,582.01,145.3,NA,GTY030 25C 16,2214203.25,728.36,3.62,NA,522.519429,7259578.370958266,625802.3574535989,0.08620367815810119,205.84057100000007,-50,25
GTY030 25C 16 04 m-50.csv,85975856,575.74,177.81,NA,GTY030 25C 16,1914117.78,670.3630318445117,3.4009,NA,522.519429,7947551.6330813905,422273.7120298145,0.05313255346113333,147.8436028445118,-50,25
GTY030 25C 16 06 m-50.csv,62282812,553.33,134.03,NA,GTY030 25C 16,2104560,711.72,3.52,NA,522.519429,3468162.2836398864,559323.0955908292,0.16127362269905418,189.20057100000008,-50,25
GTY030 25C 16 07 m-50.csv,74220840,570.14,155,NA,GTY030 25C 16,740926.1100000001,712.4309724800258,1.2391,NA,522.519429,6199032.926009915,197631.1359083733,0.03188096244482783,189.9115434800259,-50,25
GTY030 25C 18 01 m-50.csv,118000000,569.5,246.95,NA,GTY030 25C 18,1917376.3,662.5383347863993,3.441,NA,522.173127,9815546.558620974,405640.9506953893,0.0413263742648254,140.3652077863993,-50,25
GTY030 25C 18 02 m-50.csv,144000000,584.49,292.43,NA,GTY030 25C 18,2685861.65,689.0625430589047,4.6448,NA,522.173127,15304714.177702188,651018.6946421436,0.04253713509989155,166.88941605890466,-50,25
GTY030 25C 18 03 m-50.csv,128000000,607.38,250,NA,GTY030 25C 18,4076812.4499999997,737.0525507043965,6.5872,NA,522.173127,17890079.99496094,1188757.6550143615,0.06644786693794529,214.87942370439646,-50,25
GTY030 25C 18 04 m-50.csv,110000000,610.55,213.94,NA,GTY030 25C 18,3341981.13,794.9871248751249,5.005,NA,522.173127,15879187.208885517,1146749.0210506422,0.07221711073529985,272.81399787512487,-50,25
GTY030 25C 18 05 m-50.csv,124000000,593.08,249.67,NA,GTY030 25C 18,2397711.7199999997,743.7026499739176,3.834,NA,522.173127,14867992.762165116,713315.0172856302,0.04797655128678953,221.52952297391755,-50,25
GTY030 25C 18 06 m-50.csv,156000000,596.96,311.96,NA,GTY030 25C 18,3171296.11,770.4725158130993,4.901,NA,522.173127,19593947.17483833,1022016.7166985804,0.0521598179059607,248.2993888130993,-50,25
GTY030 25C 18 07 m-50.csv,91628840,585.2,186.44,NA,GTY030 25C 18,4000110.83,795.8529129781192,5.987,NA,522.173127,9868758.04326867,1376098.8314865201,0.13943991994262503,273.6797859781192,-50,25
GTY030 25C 18 08 m-50.csv,92801696,595.73,185.48,NA,GTY030 25C 18,2373887.4299999997,793.9470413037371,3.5589999999999997,NA,522.173127,11458242.04588897,812331.7048853618,0.07089496814887178,271.7739143037371,-50,25
GTY030 25C 18 09 m-50.csv,131000000,582.34,267.78,NA,GTY030 25C 18,2181873.15,735.1359952479281,3.5353,NA,522.173127,13531103.764121944,632306.7339522131,0.046729871041916775,212.9628682479281,-50,25
GTY030 25C 19 03 m-50.csv,168000000,584.93,342.44,NA,GTY030 25C 19,3227758.21,746.6430455075846,5.1419999999999995,NA,526.974464,16667753.21058199,948631.767961703,0.056914195691320744,219.66858150758458,-50,25
GTY030 25C 19 04 m-50.csv,84977632,568.5,177.98,NA,GTY030 25C 19,4194362.18,722.6506440874223,6.909,NA,526.974464,6207033.591400015,1135404.9955689933,0.18292232172581158,195.67618008742227,-50,25
GTY030 25C 19 05 m-50.csv,138000000,605.33,272.05,NA,GTY030 25C 19,1944180.0099999998,692.6217713943746,3.3419999999999996,NA,526.974464,17902598.109347448,464930.9660804567,0.02597002754799613,165.6473073943746,-50,25
GTY030 25C 19 06 m-50.csv,69679072,561.62,147.73,NA,GTY030 25C 19,1802951.84,664.3134773057765,3.2321,NA,526.974464,4298467.316099772,372800.3904473,0.08672867862714415,137.33901330577646,-50,25
GTY030 25C 19 07 m-50.csv,88969056,580.6,182.46,NA,GTY030 25C 19,1339360.13,668.351793045664,2.387,NA,526.974464,8217447.970571935,283419.5720433357,0.03448997463182109,141.37732904566394,-50,25
GTY030 25C 2 01 m-50.csv,104000000,589.1,210.44,NA,GTY030 25C 2,2381208,724.8774418604651,3.9130000000000003,NA,533.806995,9772285.187032836,627915.2251322749,0.06425469714754908,191.07044686046504,-50,25
GTY030 25C 2 02 m-50.csv,123000000,595.5,245.37,NA,GTY030 25C 2,3357852.06,663.477263681592,6.03,NA,533.806995,12713204.532501884,656682.3886369361,0.05165356908701483,129.670268681592,-50,25
GTY030 25C 2 03 m-50.csv,117000000,619.58,224.39,NA,GTY030 25C 2,3789838.46,689.9381467889907,6.54,NA,533.806995,16164109.004745109,857560.8740236827,0.05305339587675006,156.13115178899068,-50,25
GTY030 25C 2 04 m-50.csv,69900896,576.48,144.38,NA,GTY030 25C 2,1847187.4,706.5767929373997,3.115,NA,533.806995,5174375.12547241,451984.4802007222,0.08735054363872718,172.76979793739963,-50,25
GTY030 25C 2 05 m-50.csv,101000000,586.05,206.11,NA,GTY030 25C 2,2171050.25,662.71,3.9,NA,533.806995,9043256.706601147,422206.86948853615,0.04668748031672541,128.903005,-50,25
GTY030 25C 2 06 m-50.csv,110000000,601.7,217.12,NA,GTY030 25C 2,2710192.33,646.5066026410564,4.998,NA,533.806995,12380053.116318135,473060.08145628584,0.038211474297533174,112.69960764105633,-50,25
GTY030 25C 2 07 m-50.csv,96795224,591.09,194.99,NA,GTY030 25C 2,3171719.6399999997,644.2576015705018,5.858,NA,533.806995,9380711.468002016,543394.3506256819,0.05792677372918056,110.4506065705018,-50,25
GTY030 25C 2 08 m-50.csv,73967416,589.8,149.33,NA,GTY030 25C 2,2768214.55,667.0397340586891,4.9447,NA,533.806995,7022285.577097496,553284.5593545812,0.07878981184688147,133.23273905868905,-50,25
GTY030 25C 20 01 m-50.csv,298000000,592.35,599.41,NA,GTY030 25C 20,2599547,662.64,4.67,NA,537.781742,27470193.6069371,489701.9105232215,0.017826663966414715,124.85825799999998,-50,25
GTY030 25C 20 02 m-50.csv,152000000,586.71,308.48,NA,GTY030 25C 20,9837337.19,692.837295722954,16.8925,NA,537.781742,12676063.683413126,2199778.2323549166,0.17353795999253058,155.05555372295396,-50,25
GTY030 25C 20 03 m-50.csv,107000000,588.21,215.82,NA,GTY030 25C 20,2092059.98,664.5693097844908,3.7539000000000002,NA,537.781742,9140359.991232052,399721.0470363651,0.0437314337093725,126.78756778449076,-50,25
GTY030 25C 20 04 m-50.csv,126000000,568.4,263.72,NA,GTY030 25C 20,1668314.41,676.8009980230418,2.9338,NA,537.781742,6781428.571227003,342533.54608247237,0.05051052923211662,139.01925602304175,-50,25
GTY030 25C 20 05 m-50.csv,156000000,570.11,325.81,NA,GTY030 25C 20,1642633.05,658.101387974471,2.977,NA,537.781742,8845947.542605191,300824.3773125053,0.03400702704414981,120.31964597447097,-50,25
GTY030 25C 20 06 m-50.csv,135000000,575.31,278.85,NA,GTY030 25C 20,1196060.49,666.6955520711444,2.1365,NA,537.781742,8788741.70093221,231312.97154362986,0.026319236520410516,128.91381007114444,-50,25
GTY030 25C 3 01 m-50.csv,97777440,586.19,198.61,NA,GTY030 25C 3,2734224.92,622.6927536785782,5.233,NA,539.44632,7796894.5030654315,365859.231914,0.046923711968933086,83.24643367857823,-50,25
GTY030 25C 3 02 m-50.csv,94838736,576.99,195.71,NA,GTY030 25C 3,4430667.8,647.6643021398913,8.140600000000001,NA,539.44632,6170885.70823885,739866.7215990588,0.11989635792658591,108.21798213989132,-50,25
GTY030 25C 3 03 m-50.csv,133000000,585.23,270.23,NA,GTY030 25C 3,2490756.1,675.1969133331818,4.3972999999999995,NA,539.44632,10390630.592424626,501332.060186445,0.04824847305725076,135.75059333318177,-50,25
GTY030 25C 3 04 m-50.csv,109000000,588.82,219.57,NA,GTY030 25C 3,4210793.6,657.4326805690183,7.6342,NA,539.44632,9104710.60519023,756472.2212614424,0.08308580624519882,117.9863605690183,-50,25
GTY030 25C 3 05 m-50.csv,116000000,581.89,237.02,NA,GTY030 25C 3,3140957.2199999997,668.7351960819362,5.5946,NA,539.44632,8448812.491475597,607474.2135953644,0.07190054391765394,129.28887608193622,-50,25
GTY030 25C 3 06 m-50.csv,108000000,579.49,222.72,NA,GTY030 25C 3,2336030.16,671.2508977363321,4.1393,NA,539.44632,7490155.714789618,458199.9568522715,0.061173622325038854,131.80457773633213,-50,25
GTY030 25C 3 07 m-50.csv,89355864,592.05,179.71,NA,GTY030 25C 3,3380661.16,648.0139533873071,6.2129,NA,539.44632,7939369.558075073,566490.1734038801,0.07135203485114346,108.56763338730707,-50,25
GTY030 25C 3 08 m-50.csv,77752224,562.94,164.46,NA,GTY030 25C 3,3686886.18,678.1121249015034,6.4723,NA,539.44632,3244957.2627866017,753747.1143562613,0.23228260137669185,138.6658049015034,-50,25
GTY030 25C 3 09 m-50.csv,133000000,597.68,265.9,NA,GTY030 25C 3,1827750.3399999999,656.0471346791202,3.319,NA,539.44632,13004397.003443336,325017.30403964035,0.02499287771309823,116.60081467912016,-50,25
GTY030 25C 4 01 m-50.csv,173000000,594.72,346.79,NA,GTY030 25C 4,4406518.87,668.9689046823808,7.8443000000000005,NA,527.960439,19443645.048450515,928960.0296903499,0.04777705144151352,141.0084656823808,-50,25
GTY030 25C 4 02 m-50.csv,116000000,606.03,227.52,NA,GTY030 25C 4,4099477.56,745.6269160305344,6.55,NA,527.960439,14917600.166893428,1197375.8499622075,0.08026598357419037,217.66647703053445,-50,25
GTY030 25C 4 03 m-50.csv,104000000,602.07,204.89,NA,GTY030 25C 4,2587052.98,793.567701623293,3.8810000000000002,NA,527.960439,12752421.225573208,865727.5436642315,0.06788730770029265,265.6072626232931,-50,25
GTY030 25C 4 04 m-50.csv,184000000,599.5,365.72,NA,GTY030 25C 4,3222604.5,738.45,5.2,NA,527.960439,21973165.573964912,919245.584278156,0.041834918195279604,210.4895610000001,-50,25
GTY030 25C 4 05 m-50.csv,104000000,589.7,209.84,NA,GTY030 25C 4,5438548.31,780.7310039821408,8.286999999999999,NA,527.960439,10880515.226539027,1759225.3901125398,0.16168585342553948,252.77056498214085,-50,25
GTY030 25C 4 06 m-50.csv,101000000,593.84,202.74,NA,GTY030 25C 4,3378947.19,706.2897367959292,5.699,NA,527.960439,11217285.79586799,853530.4175182673,0.07609063663445881,178.32929779592928,-50,25
GTY030 25C 4 07 m-50.csv,139000000,596.58,277.25,NA,GTY030 25C 4,3585402.88,804.6031650339111,5.308,NA,527.960439,15977805.733812062,1233240.6061879569,0.07718460386448349,276.6427260339111,-50,25
GTY030 25C 4 08 m-50.csv,96669352,614.84,187.21,NA,GTY030 25C 4,3497634.88,771.1025332840237,5.408,NA,527.960439,13659798.954237016,1104318.842603511,0.08084444334087156,243.14209428402376,-50,25
GTY030 25C 4 09 m-50.csv,130000000,629.13,246.25,NA,GTY030 25C 4,3142765.09,737.211846075072,5.0778,NA,527.960439,20922990.170697916,892363.1433995134,0.04264988589677034,209.25140707507205,-50,25
GTY030 25C 5 01 m-50.csv,96318272,583.68,196.49,NA,GTY030 25C 5,2643563.46,809.4142478922475,3.8904,NA,529.653062,8915556.435390942,914069.8056565045,0.10252526718669389,279.76118589224757,-50,25
GTY030 25C 5 02 m-50.csv,117000000,590.93,235.34,NA,GTY030 25C 5,2965704.2,684.6045140664961,5.1612,NA,529.653062,12111291.331922393,671651.4944197529,0.05545663761298882,154.95145206649613,-50,25
GTY030 25C 5 03 m-50.csv,92808592,595.21,185.66,NA,GTY030 25C 5,2931167.98,718.5978434603501,4.855,NA,529.653062,10221971.201041412,770409.7707147055,0.07536802399093204,188.9447814603501,-50,25
GTY030 25C 5 04 m-50.csv,120000000,647.81,219.94,NA,GTY030 25C 5,3026088.75,747.74,4.82,NA,529.653062,21825343.868077595,882824.4235827666,0.04044950810026009,218.08693800000003,-50,25
GTY030 25C 5 05 m-50.csv,126000000,634.52,236.64,NA,GTY030 25C 5,4137898.95,719.5986147824691,6.8473,NA,529.653062,20841280.094331063,1092310.559811372,0.052410915014211926,189.94555278246912,-50,25
GTY030 25C 5 06 m-50.csv,99423440,613.35,193.01,NA,GTY030 25C 5,4189213.63,810.1552272727274,6.16,NA,529.653062,13567100.028033935,1451157.5863609652,0.10696151597337773,280.50216527272744,-50,25
GTY030 25C 5 07 m-50.csv,119000000,602.48,235.77,NA,GTY030 25C 5,3083160.02,738.4870661572492,4.973,NA,529.653062,14420430.983673478,872202.4881783826,0.06048380170924661,208.83400415724918,-50,25
GTY030 25C 6 01 m-50.csv,147000000,619.05,282.3,NA,GTY030 25C 6,2866677.13,709.7578249116241,4.809,NA,527.729545,21650931.759889126,735175.9453220795,0.033955857118541134,182.02827991162405,-50,25
GTY030 25C 6 02 m-50.csv,105000000,620.22,202.34,NA,GTY030 25C 6,4942202.07,749.8451337579618,7.8500000000000005,NA,527.729545,15717240.837070629,1464354.8935500123,0.09316869982014846,222.11558875796175,-50,25
GTY030 25C 6 03 m-50.csv,106000000,622.39,203.19,NA,GTY030 25C 6,3178810.06,750.0988968112498,5.0489999999999995,NA,527.729545,16153571.723733928,942926.7299025782,0.05837264637375312,222.36935181124977,-50,25
GTY030 25C 6 04 m-50.csv,118000000,634.59,221.89,NA,GTY030 25C 6,1971980.19,738.0122798188223,3.1792000000000002,NA,527.729545,19913719.963004954,561460.3766994204,0.028194650609855054,210.2827348188223,-50,25
GTY030 25C 6 05 m-50.csv,104000000,593.34,207.91,NA,GTY030 25C 6,3544504.5,732.3367361111112,5.76,NA,527.729545,11456344.754388176,989785.3538254811,0.0863962612024537,204.6071911111112,-50,25
GTY030 25C 7 01 m-50.csv,98969296,607.01,194.14,NA,GTY030 25C 7,2859831.64,660.2269857220456,5.1548,NA,531.554175,12302841.912740404,557052.662055934,0.04527837275378376,128.6728107220456,-50,25
GTY030 25C 7 02 m-50.csv,114000000,615.96,220.84,NA,GTY030 25C 7,3437243.6799999997,757.0738455841511,5.401,NA,531.554175,15654810.105820114,1022954.3468757871,0.06534441107627842,225.51967058415107,-50,25
GTY030 25C 7 03 m-50.csv,116000000,622.99,221.29,NA,GTY030 25C 7,2027288.4,825.812149152774,2.9272,NA,531.554175,16993225.593558416,723399.6320987656,0.04256988339947556,294.25797415277407,-50,25
GTY030 25C 7 04 m-50.csv,109000000,604.05,215.84,NA,GTY030 25C 7,2780437.81,772.9588338396823,4.279,NA,531.554175,13141428.460569406,867532.1535021419,0.06601505735127311,241.40465883968227,-50,25
GTY030 25C 7 05 m-50.csv,102000000,599.85,203.21,NA,GTY030 25C 7,3714763.18,769.9064245051444,5.7440999999999995,NA,531.554175,11655660.198412705,1149843.9207042076,0.098651118952558,238.3522495051444,-50,25
GTY030 25C 7 06 m-50.csv,164000000,593.92,329.24,NA,GTY030 25C 7,3416783.37,696.7140451745379,5.844,NA,531.554175,17244750.334257152,810610.8014613248,0.047006235854341424,165.1598701745379,-50,25
GTY030 25C 8 01 m-50.csv,122000000,584.56,247.92,NA,GTY030 25C 8,6018059.67,776.7035708785667,9.220699999999999,NA,537.188373,9863419.640413199,1854789.439051734,0.18804730070006767,239.5151978785667,-50,25
GTY030 25C 8 02 m-50.csv,126000000,593.02,252.27,NA,GTY030 25C 8,1417774.98,695.3269770702739,2.4248,NA,537.188373,11828877.58737718,322041.22545527853,0.02722500280152826,158.1386040702739,-50,25
GTY030 25C 8 03 m-50.csv,153000000,599.78,302.81,NA,GTY030 25C 8,1879200.15,705.3950929719509,3.173,NA,537.188373,15917838.726690186,448240.46566809475,0.028159631050697163,168.20671997195097,-50,25
GTY030 25C 8 04 m-50.csv,146000000,609.57,285.2,NA,GTY030 25C 8,3261743.28,668.3655918858518,5.817,NA,537.188373,17337062.249433126,640848.1416469305,0.03696405610286624,131.17721888585186,-50,25
GTY030 25C 8 05 m-50.csv,110000000,589.03,223.19,NA,GTY030 25C 8,5246964.18,643.7196092574657,9.7046,NA,537.188373,9717420.618232975,868264.9159185367,0.08935137728723971,106.53123625746571,-50,25
GTY030 25C 8 06 m-50.csv,77985312,570.09,162.88,NA,GTY030 25C 8,6783702.84,648.2904777759949,12.464,NA,537.188373,4500728.147946596,1162993.729678341,0.25840123896595335,111.10210477599492,-50,25
GTY030 25C 8 07 m-50.csv,144000000,606.23,282.05,NA,GTY030 25C 8,2297229.88,647.4736048686922,4.2229,NA,537.188373,16354405.723817937,391134.21152120637,0.02391613722481969,110.28523186869222,-50,25
GTY030 36C 01 m-25.csv,187000000,779.81,285.5,NA,GTY030 36C,2945407.13,638.3657149880729,5.4917,NA,672.810064,25655901.342067674,-158862.88021231213,-0.006192059990183489,-34.4443490119271,-25,36
GTY030 36C 01 m-35.csv,187000000,779.81,285.5,NA,GTY030 36C,10272829.49,1138.63554522959,10.7496,NA,672.810064,25655901.342067674,4205456.952234484,0.16391772388596018,465.82548122958997,-35,36
GTY030 36C 01 m-50.csv,187000000,779.81,285.5,NA,GTY030 36C,15042990.07,1067.9394182171534,16.7743,NA,672.810064,25655901.342067674,5566488.8943015,0.2169671928529829,395.1293542171534,-50,36
GTY030 36C 02 m-25.csv,286000000,758.29,449.11,NA,GTY030 36C,34413604.35,951.9127416293619,43.046299999999995,NA,672.810064,32241449.6153187,10090146.62974452,0.31295573710651164,279.1026776293619,-25,36
GTY030 36C 02 m-35.csv,286000000,758.29,449.11,NA,GTY030 36C,9517356.13,1073.4394825428135,10.5458,NA,672.810064,32241449.6153187,3548297.406625348,0.11005390418114033,400.6294185428135,-35,36
GTY030 36C 02 m-50.csv,286000000,758.29,449.11,NA,GTY030 36C,12434148.82,1048.3699141199063,14.1127,NA,672.810064,32241449.6153187,4451300.492808601,0.13806142546064923,375.5598501199063,-50,36
GTY030 36C 03 m-25.csv,104000000,740.71,166.78,NA,GTY030 36C,33668384.5,927.8189887497398,43.199,NA,672.810064,9510667.108490806,9251810.313482832,0.9727824776059215,255.00892474973978,-25,36
GTY030 36C 03 m-35.csv,104000000,740.71,166.78,NA,GTY030 36C,327977.1,1057.963309840065,0.3689,NA,672.810064,9510667.108490806,119327.31367296547,0.012546681774450293,385.153245840065,-35,36
GTY030 36C 03 m-50.csv,104000000,740.71,166.78,NA,GTY030 36C,607381.22,1015.6741244207276,0.7121,NA,672.810064,9510667.108490806,205050.38836449155,0.02156004263690708,342.8640604207276,-50,36
GTY030 36C 04 m-25.csv,168000000,749.69,266.78,NA,GTY030 36C,1735934.9000000001,931.7870076611086,2.219,NA,672.810064,17225186.298883017,482631.9291038885,0.028018967152487938,258.97694366110863,-25,36
GTY030 36C 04 m-35.csv,168000000,749.69,266.78,NA,GTY030 36C,3598889.47,1147.5908257372653,3.7299999999999995,NA,672.810064,17225186.298883017,1487303.4696229103,0.08634469571567745,474.78076173726527,-35,36
GTY030 36C 04 m-50.csv,168000000,749.69,266.78,NA,GTY030 36C,5029844.77,1088.240635428405,5.5018,NA,672.810064,17225186.298883017,1919556.4944022836,0.11143893953279094,415.4305714284051,-50,36
GTY030 36C 05 m-25.csv,164000000,755.2,258.72,NA,GTY030 36C,12499200.18,963.0439585220655,15.453999999999999,NA,672.810064,17902010.78518519,3766922.4875652976,0.21041895978984743,290.2338945220655,-25,36
GTY030 36C 05 m-35.csv,164000000,755.2,258.72,NA,GTY030 36C,3308925.72,1106.6646851633216,3.5574,NA,672.810064,17902010.78518519,1296207.6335990594,0.07240570063066525,433.85462116332155,-35,36
GTY030 36C 05 m-50.csv,164000000,755.2,258.72,NA,GTY030 36C,4562704.74,1061.575180946792,5.112,NA,672.810064,17902010.78518519,1669074.7273301426,0.0932339248008601,388.765116946792,-50,36
GTY030 36C 06 m-25.csv,198000000,770.48,305.41,NA,GTY030 36C,13540475.36,940.7023247943047,17.137,NA,672.810064,25051965.359670784,3855605.6716486095,0.15390431913399696,267.89226079430466,-25,36
GTY030 36C 06 m-35.csv,198000000,770.48,305.41,NA,GTY030 36C,1846351.65,1082.2328281634661,2.031,NA,672.810064,25051965.359670784,698360.3208331232,0.027876468405044152,409.4227641634661,-35,36
GTY030 36C 06 m-50.csv,198000000,770.48,305.41,NA,GTY030 36C,3333222.78,1054.8051992349378,3.7644,NA,672.810064,25051965.359670784,1207678.2456356764,0.04820692621505153,381.99513523493783,-50,36
GTY030 36C 07 m-25.csv,166000000,737.02,268.95,NA,GTY030 36C,11672281.72,969.295555090159,14.3247,NA,672.810064,14503453.671957664,3566864.6293938025,0.24593208694080312,296.48549109015903,-25,36
GTY030 36C 07 m-35.csv,166000000,737.02,268.95,NA,GTY030 36C,6168749.62,1319.2375178641962,5.5698,NA,672.810064,14503453.671957664,3023827.691721508,0.20849018172602982,646.4274538641962,-35,36
GTY030 36C 07 m-50.csv,166000000,737.02,268.95,NA,GTY030 36C,7948154.97,1214.7509674025991,7.7951,NA,672.810064,14503453.671957664,3547899.165292349,0.2446244353613643,541.9409034025991,-50,36
GTY030 36C 08 m-25.csv,250000000,769.73,387.15,NA,GTY030 36C,14454096.25,1032.066501712524,16.6713,NA,672.810064,31513020.259007305,5030042.706002185,0.15961791870978972,359.2564377125241,-25,36
GTY030 36C 08 m-35.csv,250000000,769.73,387.15,NA,GTY030 36C,20489750.29,1068.6762501423802,22.8262,NA,672.810064,31513020.259007305,7588914.704059124,0.24081838686629853,395.86618614238023,-35,36
GTY030 36C 08 m-50.csv,250000000,769.73,387.15,NA,GTY030 36C,29706485.15,1009.8041934784035,35.0313,NA,672.810064,31513020.259007305,9914623.707060382,0.3146199134697825,336.99412947840347,-50,36
GTY030 36C 09 m-25.csv,198000000,749.26,315.03,NA,GTY030 36C,59191429.7,919.1521148867969,76.6807,NA,672.810064,20226776.969916847,15864349.459507184,0.784324140376004,246.34205088679687,-25,36
GTY030 36C 09 m-35.csv,198000000,749.26,315.03,NA,GTY030 36C,5075335.21,1085.882662369144,5.5691,NA,672.810064,20226776.969916847,1932008.5727535065,0.09551737163201879,413.0725983691441,-35,36
GTY030 36C 09 m-50.csv,198000000,749.26,315.03,NA,GTY030 36C,6990815.99,1043.3718828913547,7.9755,NA,672.810064,20226776.969916847,2482082.6291828332,0.12271271062485233,370.56181889135473,-50,36
GTY030 36C 10 01 m-25.csv,137000000,736.22,222.19,186606,GTY030 36C 10,17651883.98,926.8576258894423,22.6687,NA,665.848438,13131651.43258588,4969126.545317376,0.37840834953832286,261.0091878894423,-25,36
GTY030 36C 10 01 m-35.csv,137000000,736.22,222.19,186606,GTY030 36C 10,1308266.56,1069.7099641971909,1.4524,1223,665.848438,13131651.43258588,492624.91026186274,0.03751431514846836,403.86152619719087,-35,36
GTY030 36C 10 01 m-50.csv,137000000,736.22,222.19,186606,GTY030 36C 10,2081766.5,1035.19,2.39,2011,665.848438,13131651.43258588,741350.7459309652,0.05645525619811389,369.34156200000007,-50,36
GTY030 36C 10 02 -25.csv,223000000,795.68,332.99,279657,GTY030 36C 10,3970884.75,974.6900000000002,4.85,4074,665.848438,36308567.926748954,1257984.0225917534,0.034647029459539264,308.8415620000002,NA,36
GTY030 36C 10 02 m-35.csv,223000000,795.68,332.99,279657,GTY030 36C 10,22133090.15,1224.0357202604173,21.5193,18082,665.848438,36308567.926748954,10088015.10300378,0.27784117300786787,558.1872822604173,-35,36
GTY030 36C 10 02 m-50.csv,223000000,795.68,332.99,279657,GTY030 36C 10,28607553.56,1149.2794977376939,29.637900000000002,24892,665.848438,36308567.926748954,12033158.14680423,0.3314137360382991,483.4310597376939,-50,36
GTY030 36C 10 03 m-25.csv,147000000,734.02,238.99,200718,GTY030 36C 10,54974618.23,1000.3636746081113,65.4331,54955,665.848438,13682977.746182917,18382773.938441426,1.3434775879519056,334.5152366081113,-25,36
GTY030 36C 10 03 m-35.csv,147000000,734.02,238.99,200718,GTY030 36C 10,2172356.05,949.4363205815406,2.7237999999999998,2288,665.848438,13682977.746182917,648724.8463723862,0.047411086855955624,283.5878825815406,-35,36
GTY030 36C 10 03 m-50.csv,147000000,734.02,238.99,200718,GTY030 36C 10,2993695.83,935.2433763847324,3.8094,3201,665.848438,13682977.746182917,861873.7534918953,0.06298875650311779,269.3949383847324,-50,36
GTY030 36C 10 04 m-25.csv,107000000,708.24,180.43,151536,GTY030 36C 10,5562686.04,909.065878962536,7.287,6119,665.848438,6423708.349424711,1488473.580493827,0.2317156227410496,243.217440962536,-25,36
GTY030 36C 10 04 m-35.csv,107000000,708.24,180.43,151536,GTY030 36C 10,54728.28999999999,760.0654662004662,0.08579999999999999,72,665.848438,6423708.349424711,6789.133299403709,0.0010568869148630828,94.21702820046619,-35,36
GTY030 36C 10 04 m-50.csv,107000000,708.24,180.43,151536,GTY030 36C 10,299677.07,782.4473684210527,0.456,383,665.848438,6423708.349424711,44653.65942050898,0.0069513833741390255,116.59893042105273,-50,36
GTY030 36C 10 05 m-25.csv,95252672,719.75,157.58,132342,GTY030 36C 10,1581060.5,1151.54,1.63,1373,665.848438,7133457.747509871,664883.8885193582,0.09320639611995378,485.691562,-25,36
GTY030 36C 10 05 m-35.csv,95252672,719.75,157.58,132342,GTY030 36C 10,2167958.75,1097.15,2.35,1976,665.848438,7133457.747509871,851229.2522885699,0.11932912234402943,431.3015620000001,-35,36
GTY030 36C 10 05 m-50.csv,95252672,719.75,157.58,132342,GTY030 36C 10,3800683.43,999.3938443890494,4.533099999999999,3803,665.848438,7133457.747509871,1269836.8033108253,0.17801140039752764,333.5454063890494,-50,36
GTY030 36C 10 06 m-25.csv,216000000,745.53,345.66,290304,GTY030 36C 10,5147074.62,1285.3236680435286,4.769299999999999,4005,665.848438,23131543.395414457,2481282.6191707407,0.10726835545537461,619.4752300435287,-25,36
GTY030 36C 10 06 m-35.csv,216000000,745.53,345.66,290304,GTY030 36C 10,6588210.24,1219.7582336918456,6.4247,5401,665.848438,23131543.395414457,2988749.6971373144,0.12920667013208453,553.9097956918456,-35,36
GTY030 36C 10 06 m-50.csv,216000000,745.53,345.66,290304,GTY030 36C 10,11666578.09,1080.423828023546,12.8599,10798,665.848438,23131543.395414457,4477532.592730159,0.19356825941920394,414.5753900235461,-50,36
GTY030 36C 10 07 m-25.csv,209000000,708.74,351.67,295344,GTY030 36C 10,6534866.07,1051.7954264163186,7.3976999999999995,6213,665.848438,12667905.944855973,2397850.03460771,0.18928543083960922,385.9469884163186,-25,36
GTY030 36C 10 07 m-35.csv,209000000,708.74,351.67,295344,GTY030 36C 10,7898526.7,1017.2022199850616,9.2379,7765,665.848438,12667905.944855973,2725935.250356765,0.21518436134771582,351.3537819850616,-35,36
GTY030 36C 10 07 m-50.csv,209000000,708.74,351.67,295344,GTY030 36C 10,12397276.32,937.486774500778,15.7495,13224,665.848438,12667905.944855973,3592985.622506931,0.28362901004691515,271.638336500778,-50,36
GTY030 36C 11 01 m-25.csv,177000000,732.29,288.05,241920,GTY030 36C 11,209709.19,927.9306691449814,0.269,226,667.179849,15751221.126690175,58908.18058201058,0.003739911979407849,260.7508201449814,-25,36
GTY030 36C 11 01 m-35.csv,177000000,732.29,288.05,241920,GTY030 36C 11,420714.56000000006,920.6096324205109,0.5441,457,667.179849,15751221.126690175,115806.79025707567,0.007352242046862198,253.42978342051094,-35,36
GTY030 36C 11 01 m-50.csv,177000000,732.29,288.05,241920,GTY030 36C 11,1129984.7599999998,894.6729633082505,1.5017,1263,667.179849,15751221.126690175,286912.24469362537,0.018215238195561707,227.49311430825048,-50,36
GTY030 36C 11 02 m-25.csv,264000000,779.92,403.2,338625,GTY030 36C 11,26067922.88,1184.3650784141641,26.207,22010,667.179849,38176559.06878306,11383113.552747963,0.2981702340496141,517.1852294141642,-25,36
GTY030 36C 11 02 m-35.csv,264000000,779.92,403.2,338625,GTY030 36C 11,34111736.22,1108.890168545002,36.619299999999996,30762,667.179849,38176559.06878306,13584549.176546816,0.3558348239837804,441.7103195450021,-35,36
GTY030 36C 11 02 m-50.csv,264000000,779.92,403.2,338625,GTY030 36C 11,53294123.55,1005.7328882493063,63.0967,52990,667.179849,38176559.06878306,17940354.036786515,0.46993114294201355,338.55303924930627,-50,36
GTY030 36C 11 03 m-25.csv,194000000,735.42,314.83,264411,GTY030 36C 11,3765393.1,1025.9739322499427,4.369000000000001,3670,667.179849,18043207.138095226,1316512.4294272275,0.07296443583178906,358.7940832499427,-25,36
GTY030 36C 11 03 m-35.csv,194000000,735.42,314.83,264411,GTY030 36C 11,4653885.2,1007.7620513474144,5.492,4618,667.179849,18043207.138095226,1570905.7321676323,0.087063553621292,340.5822023474144,-35,36
GTY030 36C 11 03 m-50.csv,194000000,735.42,314.83,264411,GTY030 36C 11,7050947.399999999,974.014562211447,8.6206,7239,667.179849,18043207.138095226,2221465.800546401,0.12311923171663569,306.834713211447,-50,36
GTY030 36C 11 04 m-25.csv,173000000,723.44,284.88,239253,GTY030 36C 11,4796345.84,1089.832390424557,5.2384,4401,667.179849,13460478.556210646,1859429.8085146546,0.1381399480523459,422.65254142455694,-25,36
GTY030 36C 11 04 m-35.csv,173000000,723.44,284.88,239253,GTY030 36C 11,5974327.02,1057.9677447581066,6.7199,5647,667.179849,13460478.556210646,2205472.0590450163,0.16384796794816886,390.78789575810663,-35,36
GTY030 36C 11 04 m-50.csv,173000000,723.44,284.88,239253,GTY030 36C 11,8876913.58,995.2841919529726,10.6151,8919,667.179849,13460478.556210646,2925052.8352062646,0.21730674901277186,328.1043429529726,-50,36
GTY030 36C 11 05 m-25.csv,214000000,756.51,336.04,282219,GTY030 36C 11,1935589.8599999999,1300.1235177576407,1.7767,1489,667.179849,25210803.68022172,944445.2979606115,0.0374619274315933,632.9436687576407,-25,36
GTY030 36C 11 05 m-35.csv,214000000,756.51,336.04,282219,GTY030 36C 11,2524326.18,1244.2542188080783,2.4213,2029,667.179849,25210803.68022172,1173486.3287278912,0.046546962310785436,577.0743698080784,-35,36
GTY030 36C 11 05 m-50.csv,214000000,756.51,336.04,282219,GTY030 36C 11,4542733.77,1121.0438712489106,4.8186,4052,667.179849,25210803.68022172,1836725.604777526,0.0728547026138031,453.8640222489106,-50,36
GTY030 36C 11 06 m-25.csv,195000000,806.62,288.05,241920,GTY030 36C 11,6632063.39,1187.6764973197617,6.6411999999999995,5584,667.179849,33732876.03556731,2903100.9833049476,0.08606147250071332,520.4966483197617,-25,36
GTY030 36C 11 06 m-35.csv,195000000,806.62,288.05,241920,GTY030 36C 11,7955971.4799999995,1151.6927562697833,8.214,6908,667.179849,33732876.03556731,3342394.40691526,0.0990841813603768,484.51290726978334,-35,36
GTY030 36C 11 06 m-50.csv,195000000,806.62,288.05,241920,GTY030 36C 11,11856651.959999999,1077.587975585565,13.107,11003,667.179849,33732876.03556731,4517694.898091038,0.13392557733078153,410.4081265855649,-50,36
GTY030 36C 11 07 m-25.csv,144000000,744.92,230.44,193536,GTY030 36C 11,3114398.08,1362.9564388092613,2.721,2285,667.179849,15045301.41634332,1589995.8855051647,0.10568056042918446,695.7765898092613,-25,36
GTY030 36C 11 07 m-35.csv,144000000,744.92,230.44,193536,GTY030 36C 11,3607816.61,1319.1466605335788,3.2609999999999997,2735,667.179849,15045301.41634332,1785557.8839430588,0.11867877116795106,651.9668115335788,-35,36
GTY030 36C 11 07 m-50.csv,144000000,744.92,230.44,193536,GTY030 36C 11,5043299.94,1202.2073273273274,4.995,4195,667.179849,15045301.41634332,2244446.3376543215,0.14917922051174312,535.0274783273275,-50,36
GTY030 36C 11 08 m-25.csv,187000000,741.17,300.71,252546,GTY030 36C 11,1165167.8699999999,1226.5291624834877,1.1355,950,667.179849,18686132.785092793,533418.2795502647,0.028546210480523235,559.3493134834877,-25,36
GTY030 36C 11 08 m-35.csv,187000000,741.17,300.71,252546,GTY030 36C 11,1691924.82,1179.8681976981948,1.7117,1434,667.179849,18686132.785092793,737019.1034405811,0.03944203500622406,512.6883486981948,-35,36
GTY030 36C 11 08 m-50.csv,187000000,741.17,300.71,252546,GTY030 36C 11,3125767.78,1099.455032397408,3.3799,2843,667.179849,18686132.785092793,1227048.704430083,0.06566627340939071,432.2751833974081,-50,36
GTY030 36C 12 01 m-25.csv,243000000,747.03,386.6,324681,GTY030 36C 12,4114419.07,1230.062596894363,3.9863,3345,667.445295,25839797.558578987,1883565.424155118,0.07289396984961136,562.617301894363,-25,36
GTY030 36C 12 01 m-35.csv,243000000,747.03,386.6,324681,GTY030 36C 12,4778023.33,1209.0896940726577,4.707,3952,667.445295,25839797.558578987,2141194.4120559334,0.08286421003112861,541.6443990726577,-35,36
GTY030 36C 12 01 m-50.csv,243000000,747.03,386.6,324681,GTY030 36C 12,6247610.45,1153.9715567282321,6.4430000000000005,5414,667.445295,25839797.558578987,2632643.5746325688,0.10188328947486329,486.52626172823216,-50,36
GTY030 36C 12 02 m-25.csv,104000000,737.25,167.86,140973,GTY030 36C 12,811628.62,1029.988535649579,0.9383,788,667.445295,9840780.86948854,285692.7208377425,0.029031509249792996,362.54324064957905,-25,36
GTY030 36C 12 02 m-35.csv,104000000,737.25,167.86,140973,GTY030 36C 12,1039650.95,1023.2748859126984,1.2096,1016,667.445295,9840780.86948854,361477.6796573444,0.03673262157255329,355.82959091269845,-35,36
GTY030 36C 12 02 m-50.csv,104000000,737.25,167.86,140973,GTY030 36C 12,1569381.13,999.6197893723937,1.8706,1570,667.445295,9840780.86948854,521849.00409255037,0.05302922715315708,332.1744943723937,-50,36
GTY030 36C 12 03 m-25.csv,210000000,796.45,313.91,263634,GTY030 36C 12,19076898.22,1393.177758419729,16.301,13693,667.445295,34010134.32984801,9935470.635932643,0.2921326490384681,725.7324634197289,-25,36
GTY030 36C 12 03 m-35.csv,210000000,796.45,313.91,263634,GTY030 36C 12,21591744.72,1339.8347297346602,19.1867,16115,667.445295,34010134.32984801,10834747.93602377,0.3185741000297952,672.3894347346602,-35,36
GTY030 36C 12 03 m-50.csv,210000000,796.45,313.91,263634,GTY030 36C 12,27658834.78,1230.587855164759,26.757299999999997,22476,667.445295,34010134.32984801,12654887.398250194,0.37209166172401736,563.1425601647591,-50,36
GTY030 36C 12 04 m-25.csv,127000000,704.42,214.39,180054,GTY030 36C 12,1053206.48,1050.1015046025104,1.195,1003,667.445295,6657434.28651213,384038.10403544136,0.05768560191626634,382.65620960251044,-25,36
GTY030 36C 12 04 m-35.csv,127000000,704.42,214.39,180054,GTY030 36C 12,1398703.23,1024.6805846153848,1.625,1365,667.445295,6657434.28651213,487534.5138363989,0.07323159236045891,357.2352896153848,-35,36
GTY030 36C 12 04 m-50.csv,127000000,704.42,214.39,180054,GTY030 36C 12,2196129.73,983.4744076720573,2.6590000000000003,2233,667.445295,6657434.28651213,705737.3062862185,0.10600740103676765,316.0291126720573,-50,36
GTY030 36C 12 05 m-25.csv,272000000,772.37,419.58,352380,GTY030 36C 12,15367719.49,1306.0894709330973,14.0039,11766,667.445295,36973467.47619048,7511135.613798187,0.2031493426640354,638.6441759330974,-25,36
GTY030 36C 12 05 m-35.csv,272000000,772.37,419.58,352380,GTY030 36C 12,18259812.37,1252.6274582953852,17.3482,14577,667.445295,36973467.47619048,8525957.172487613,0.23059663468074798,585.1821632953852,-35,36
GTY030 36C 12 05 m-50.csv,272000000,772.37,419.58,352380,GTY030 36C 12,24669699.7,1157.5653612164301,25.372600000000002,21312,667.445295,36973467.47619048,10443957.66530864,0.282471685189769,490.12006621643013,-50,36
GTY030 36C 12 06 m-25.csv,222000000,825.25,320.29,268989,GTY030 36C 12,23638680.53,1487.924511923705,18.9161,15887,667.445295,42448365.637398176,13034573.708953135,0.30706891804261405,820.479216923705,-25,36
GTY030 36C 12 06 m-35.csv,222000000,825.25,320.29,268989,GTY030 36C 12,27014130.69,1413.0910578240855,22.7656,19117,667.445295,42448365.637398176,14256381.269965567,0.3358523009282907,745.6457628240855,-35,36
GTY030 36C 12 06 m-50.csv,222000000,825.25,320.29,268989,GTY030 36C 12,38253646.74,1240.7094177013134,36.7114,30832,667.445295,42448365.637398176,17674753.098292597,0.4163824173885426,573.2641227013135,-50,36
GTY030 36C 12 07 m-25.csv,255000000,763.99,396.9,333333,GTY030 36C 12,9901056.97,1518.342594309257,7.767,6521,667.445295,32181568.33333334,5550448.747572856,0.1724729102721746,850.897299309257,-25,36
GTY030 36C 12 07 m-35.csv,255000000,763.99,396.9,333333,GTY030 36C 12,11524453.34,1442.0076066472684,9.5197,7992,667.445295,32181568.33333334,6192660.483907366,0.19242879712276395,774.5623116472684,-35,36
GTY030 36C 12 07 m-50.csv,255000000,763.99,396.9,333333,GTY030 36C 12,15385938.44,1301.353589410185,14.0739,11823,667.445295,32181568.33333334,7492703.405307383,0.2328259246938726,633.9082944101849,-50,36
GTY030 36C 12 08 m-25.csv,176000000,789.37,265.77,223209,GTY030 36C 12,9380309.52,1212.8495916839377,9.2159,7734,667.445295,27214183.965608466,4221375.206021248,0.15511672925250858,545.4042966839377,-25,36
GTY030 36C 12 08 m-35.csv,176000000,789.37,265.77,223209,GTY030 36C 12,11043097.959999999,1183.1078815694743,11.112,9334,667.445295,27214183.965608466,4812331.117796253,0.1768317258337699,515.6625865694743,-35,36
GTY030 36C 12 08 m-50.csv,176000000,789.37,265.77,223209,GTY030 36C 12,15326562.72,1114.3438306754308,16.385099999999998,13754,667.445295,27214183.965608466,6149724.697149156,0.22597498072772573,446.8985356754308,-50,36
GTY030 36C 13 01 m-25.csv,126000000,759.45,197.31,165711,GTY030 36C 13,4578673.79,1582.1368059181896,3.447,2894,649.713191,18184403.950440917,2699306.4589090445,0.1484407444019409,932.4236149181895,-25,36
GTY030 36C 13 01 m-35.csv,126000000,759.45,197.31,165711,GTY030 36C 13,5106395.19,1524.3286552935274,3.9859999999999998,3350,649.713191,18184403.950440917,2927872.042222222,0.16101006390980607,874.6154642935273,-35,36
GTY030 36C 13 01 m-50.csv,126000000,759.45,197.31,165711,GTY030 36C 13,6295177.68,1414.7316842900302,5.296,4450,649.713191,18184403.950440917,3402652.1713815397,0.1871192578351756,765.0184932900302,-50,36
GTY030 36C 13 02 m-25.csv,173000000,767.32,269.18,226065,GTY030 36C 13,6092116.21,1588.1861991167855,4.5742,3836,649.713191,26587218.314117745,3605243.3305852017,0.13560062162166198,938.4730081167854,-25,36
GTY030 36C 13 02 m-35.csv,173000000,767.32,269.18,226065,GTY030 36C 13,7067261.8,1512.9868783829957,5.560899999999999,4671,649.713191,26587218.314117745,4031728.099578483,0.1516415915326368,863.2736873829956,-35,36
GTY030 36C 13 02 m-50.csv,173000000,767.32,269.18,226065,GTY030 36C 13,9762649.49,1332.771647436633,8.719,7325,649.713191,26587218.314117745,5001752.483136812,0.18812620500734725,683.0584564366329,-50,36
GTY030 36C 13 03 m-25.csv,144000000,716.48,239.92,201495,GTY030 36C 13,200857.36000000002,925.6197097523218,0.2584,217,649.713191,13453172.768354742,59875.90866347522,0.004450690531851227,275.90651875232174,-25,36
GTY030 36C 13 03 m-35.csv,144000000,716.48,239.92,201495,GTY030 36C 13,371601.07999999996,950.3601956147893,0.4652,391,649.713191,13453172.768354742,117461.14600386324,0.008731111093745967,300.64700461478924,-35,36
GTY030 36C 13 03 m-50.csv,144000000,716.48,239.92,201495,GTY030 36C 13,795530.42,967.8185817921732,0.9787,822,649.713191,13453172.768354742,261467.83066120755,0.019435402723456126,318.1053907921731,-50,36
GTY030 36C 13 04 m-25.csv,244000000,774.35,374.75,314727,GTY030 36C 13,5681899.75,1346.427404384096,5.0227,4220,649.713191,39227046.420382954,2938932.1235947753,0.07492106573865481,696.714213384096,-25,36
GTY030 36C 13 04 m-35.csv,244000000,774.35,374.75,314727,GTY030 36C 13,6489578.44,1319.2900013651645,5.8601,4919,649.713191,39227046.420382954,3295361.6078112875,0.0840073854272895,669.5768103651644,-35,36
GTY030 36C 13 04 m-50.csv,244000000,774.35,374.75,314727,GTY030 36C 13,8227016.53,1258.3492684649061,7.7891,6538,649.713191,39227046.420382954,3981462.392694969,0.10149788872776673,608.6360774649061,-50,36
GTY030 36C 13 05 m-25.csv,219000000,788.11,331.39,278313,GTY030 36C 13,9391962.28,1418.0613660578388,7.8839999999999995,6623,649.713191,38517946.195103705,5087475.444827412,0.13208065193969554,768.3481750578387,-25,36
GTY030 36C 13 05 m-35.csv,219000000,788.11,331.39,278313,GTY030 36C 13,11528134.5,1362.3488046068308,10.072,8462,649.713191,38517946.195103705,6028106.072266732,0.15650123300273494,712.6356136068307,-35,36
GTY030 36C 13 05 m-50.csv,219000000,788.11,331.39,278313,GTY030 36C 13,17144775.75,1248.7077959987282,16.3548,13730,649.713191,38517946.195103705,8227460.2887656,0.21360070049143617,598.9946049987282,-50,36
GTY030 36C 14 01 m-25.csv,218000000,844.44,306.81,257670,GTY030 36C 14,15490729.09,1800.2835773548074,10.245,8605,650.738451,49911457.33492064,9890895.959943732,0.1981688471561328,1149.5451263548075,-25,36
GTY030 36C 14 01 m-35.csv,218000000,844.44,306.81,257670,GTY030 36C 14,17303780.75,1738.6896624472574,11.85,9952,650.738451,49911457.33492064,10827430.801755268,0.21693277215089124,1087.9512114472573,-35,36
GTY030 36C 14 01 m-50.csv,218000000,844.44,306.81,257670,GTY030 36C 14,21292034.99,1622.3779355602483,15.626999999999999,13124,650.738451,49911457.33492064,12752003.212583352,0.25549250399589896,971.6394845602482,-50,36
GTY030 36C 14 02 m-25.csv,381000000,804.24,564.43,474033,GTY030 36C 14,22597554.51,2020.1835635921273,13.3169,11186,650.738451,72764658.85787348,15316002.032315528,0.21048682523519127,1369.4451125921273,-25,36
GTY030 36C 14 02 m-35.csv,381000000,804.24,564.43,474033,GTY030 36C 14,24726574.38,1929.5161471918211,15.258999999999999,12815,650.738451,72764658.85787348,16387728.954556981,0.22521549900434598,1278.7776961918212,-35,36
GTY030 36C 14 02 m-50.csv,381000000,804.24,564.43,474033,GTY030 36C 14,29612491.88,1742.1923715415016,20.240000000000002,16997,650.738451,72764658.85787348,18552975.016175356,0.254972335573148,1091.4539205415017,-50,36
GTY030 36C 14 03 m-25.csv,160000000,788.3,241.97,203217,GTY030 36C 14,4440400.989999999,1357.1357527364078,3.9011,3272,650.738451,27954789.62923488,2314375.169063492,0.08278993330871424,706.3973017364077,-25,36
GTY030 36C 14 03 m-35.csv,160000000,788.3,241.97,203217,GTY030 36C 14,5276958.83,1334.2550007417613,4.7185,3955,650.738451,27954789.62923488,2708635.9620026033,0.0968934482400803,683.5165497417612,-35,36
GTY030 36C 14 03 m-50.csv,160000000,788.3,241.97,203217,GTY030 36C 14,6927502.31,1297.2839010842029,6.3549,5340,650.738451,27954789.62923488,3450685.8828757033,0.12343809159869354,646.5454500842028,-50,36
GTY030 36C 14 04 m-25.csv,430000000,798.66,641.57,538818,GTY030 36C 14,21181035.7,1792.393280669739,14.0831,11817,650.738451,79702719.569942,13503014.30395725,0.1694172341523161,1141.6548296697388,-25,36
GTY030 36C 14 04 m-35.csv,430000000,798.66,641.57,538818,GTY030 36C 14,23605103.03,1733.8935832392099,16.202099999999998,13614,650.738451,79702719.569942,14738714.84677324,0.18492110339898113,1083.1551322392097,-35,36
GTY030 36C 14 04 m-50.csv,430000000,798.66,641.57,538818,GTY030 36C 14,28713179.12,1621.2975255742044,21.085700000000003,17710,650.738451,79702719.569942,17187299.469849084,0.2156425723311312,970.5590745742044,-50,36
GTY030 36C 14 05 m-25.csv,173000000,758.5,272.3,228690,GTY030 36C 14,3253069.66,1497.0765835623863,2.5831,2173,650.738451,24643881.576131675,1836042.689360796,0.07450298296917063,846.3381325623862,-25,36
GTY030 36C 14 05 m-35.csv,173000000,758.5,272.3,228690,GTY030 36C 14,3783309.62,1456.8214817211258,3.091,2597,650.738451,24643881.576131675,2092552.8243545813,0.08491165719532107,806.0830307211257,-35,36
GTY030 36C 14 05 m-50.csv,173000000,758.5,272.3,228690,GTY030 36C 14,4858435.13,1385.691384099617,4.176,3506,650.738451,24643881.576131675,2577612.705655497,0.104594428344924,734.9529330996169,-50,36
GTY030 36C 14 06 m-25.csv,267000000,802.92,396.52,333018,GTY030 36C 14,24494332.32,1625.1592344846797,17.95,15072,650.738451,50678615.78019648,14689554.937053831,0.28985706714574516,974.4207834846796,-25,36
GTY030 36C 14 06 m-35.csv,267000000,802.92,396.52,333018,GTY030 36C 14,27489229.84,1558.3478074418251,21.005599999999998,17640,650.738451,50678615.78019648,16011488.282249432,0.31594170511078146,907.6093564418251,-35,36
GTY030 36C 14 06 m-50.csv,267000000,802.92,396.52,333018,GTY030 36C 14,34832436.42,1424.1132493218417,29.123,24459,650.738451,50678615.78019648,18915759.008589063,0.3732493225669497,773.3747983218417,-50,36
GTY030 36C 14 07 m-25.csv,258000000,757.29,404.9,340053,GTY030 36C 14,6250415.07,1574.0194824481493,4.7203,3971,650.738451,36233074.8216175,3660169.188498109,0.10101734965960898,923.2810314481493,-25,36
GTY030 36C 14 07 m-35.csv,258000000,757.29,404.9,340053,GTY030 36C 14,7294920.25,1526.4507029876977,5.69,4779,650.738451,36233074.8216175,4184767.5433022594,0.11549578841720409,875.7122519876976,-35,36
GTY030 36C 14 07 m-50.csv,258000000,757.29,404.9,340053,GTY030 36C 14,9174276.75,1454.1550332889483,7.51,6309,650.738451,36233074.8216175,5067320.511455447,0.13985344982182318,803.4165822889482,-50,36
GTY030 36C 15 01 m-25.csv,201000000,781.42,305.53,256599,GTY030 36C 15,14928932.19,1248.9490270460135,14.235,11953,659.262382,31345273.39173594,7049793.72825229,0.22490771224573017,589.6866450460135,-25,36
GTY030 36C 15 01 m-35.csv,201000000,781.42,305.53,256599,GTY030 36C 15,17638917.31,1205.089640549134,17.4238,14637,659.262382,31345273.39173594,7987221.791810195,0.2548142328187826,545.827258549134,-35,36
GTY030 36C 15 01 m-50.csv,201000000,781.42,305.53,256599,GTY030 36C 15,27994774.52,1069.8598144944654,31.1581,26167,659.262382,31345273.39173594,10744466.163942052,0.34277787370566654,410.59743249446535,-50,36
GTY030 36C 15 02 m-25.csv,205000000,745.7,326.99,274617,GTY030 36C 15,3667605.2399999998,1213.2580005546313,3.606,3023,659.262382,23737496.18696566,1677759.4696464268,0.07067971518275337,553.9956185546313,-25,36
GTY030 36C 15 02 m-35.csv,205000000,745.7,326.99,274617,GTY030 36C 15,4341578.64,1178.5094254445964,4.386,3684,659.262382,23737496.18696566,1912671.145165029,0.08057594322923085,519.2470434445964,-35,36
GTY030 36C 15 02 m-50.csv,205000000,745.7,326.99,274617,GTY030 36C 15,5887068.4399999995,1111.3690123613515,6.3019,5297,659.262382,23737496.18696566,2392819.9998943484,0.10080338638277503,452.10663036135145,-50,36
GTY030 36C 15 03 m-25.csv,213000000,789.1,321.39,269913,GTY030 36C 15,15153308.45,1321.7515002014432,13.6515,11465,659.262382,35045361.593197286,7595507.010268751,0.2167335894101069,662.4891182014431,-25,36
GTY030 36C 15 03 m-35.csv,213000000,789.1,321.39,269913,GTY030 36C 15,18668716.95,1253.7071553736341,17.7366,14891,659.262382,35045361.593197286,8854815.79526228,0.25266726872583056,594.4447733736341,-35,36
GTY030 36C 15 03 m-50.csv,213000000,789.1,321.39,269913,GTY030 36C 15,30681637.22,1098.4708150210129,33.2654,27931,659.262382,35045361.593197286,12270466.28690451,0.3501309653853408,439.20843302101287,-50,36
GTY030 36C 15 04 m-25.csv,185000000,771.73,285.48,239757,GTY030 36C 15,358564.68,1080.044307030855,0.3954,332,659.262382,26965025.268027216,139730.5561074998,0.005181918233660258,420.78192503085495,-25,36
GTY030 36C 15 04 m-35.csv,185000000,771.73,285.48,239757,GTY030 36C 15,687692.6900000001,1054.8072806791872,0.7774,652,659.262382,26965025.268027216,258248.59681968598,0.009577168730707429,395.5448986791872,-35,36
GTY030 36C 15 04 m-50.csv,185000000,771.73,285.48,239757,GTY030 36C 15,1853354.92,1010.0108617060223,2.1852,1835,659.262382,26965025.268027216,643701.6694831611,0.023871725061812073,350.7484797060223,-50,36
GTY030 36C 15 05 m-25.csv,385000000,755.72,607.31,510048,GTY030 36C 15,5659359.09,1185.9451718667372,5.673,4772,659.262382,49197678.665978,2509340.2762358277,0.05100525765194545,526.6827898667372,-25,36
GTY030 36C 15 05 m-35.csv,385000000,755.72,607.31,510048,GTY030 36C 15,6826102.56,1152.4800878933938,7.054,5923,659.262382,49197678.665978,2921943.1404820695,0.05939189042475495,493.2177058933938,-35,36
GTY030 36C 15 05 m-50.csv,385000000,755.72,607.31,510048,GTY030 36C 15,10274935.16,1073.5402955855136,11.4011,9571,659.262382,49197678.665978,3966762.3419667413,0.08062905505966286,414.2779135855136,-50,36
GTY030 36C 15 06 m-25.csv,204000000,733.46,330.46,277536,GTY030 36C 15,11067437.72,1191.342781444977,11.059000000000001,9290,659.262382,20592378.302074417,4941863.725087764,0.23998508829793275,532.0803994449769,-25,36
GTY030 36C 15 06 m-35.csv,204000000,733.46,330.46,277536,GTY030 36C 15,13042668.34,1146.0934496810773,13.5456,11380,659.262382,20592378.302074417,5538270.689830185,0.2689475984069443,486.83106768107734,-35,36
GTY030 36C 15 06 m-50.csv,204000000,733.46,330.46,277536,GTY030 36C 15,19999144.78,1030.0334281203363,23.1185,19416,659.262382,20592378.302074417,7198849.7772176,0.34958806950882443,370.77104612033634,-50,36
GTY030 36C 16 01 m-25.csv,145000000,747.66,231.42,194355,GTY030 36C 16,3769391.72,1126.231599799398,3.988,3347,660.668062,16907427.80881834,1559307.4567430918,0.09222617859884104,465.5635377993981,-25,36
GTY030 36C 16 01 m-35.csv,145000000,747.66,231.42,194355,GTY030 36C 16,4487483.04,1107.4883861611768,4.827,4052,660.668062,16907427.80881834,1811372.8938657935,0.1071347406801313,446.8203241611768,-35,36
GTY030 36C 16 01 m-50.csv,145000000,747.66,231.42,194355,GTY030 36C 16,6146693.17,1065.802283464567,6.858,5767,660.668062,16907427.80881834,2333426.128163265,0.13801189362146674,405.13422146456696,-50,36
GTY030 36C 16 02 m-25.csv,294000000,770.23,454.39,381612,GTY030 36C 16,16056663,1328.8827796327214,14.376,12083,660.668062,41810572.778886385,8067737.2811690625,0.19295926233383556,668.2147176327214,-25,36
GTY030 36C 16 02 m-35.csv,294000000,770.23,454.39,381612,GTY030 36C 16,18448658.669999998,1280.1272332997219,17.1569,14412,660.668062,41810572.778886385,8925841.148964642,0.2134828718125583,619.4591712997219,-35,36
GTY030 36C 16 02 m-50.csv,294000000,770.23,454.39,381612,GTY030 36C 16,25042796.09,1176.6165045736577,25.3517,21284,660.668062,41810572.778886385,10985277.678335937,0.2627392295348633,515.9484425736578,-50,36
GTY030 36C 16 03 m-25.csv,307000000,754.23,484.44,406854,GTY030 36C 16,12667905.79,1444.0978285588492,10.447899999999999,8772,660.668062,38065965.604031265,6874272.157579742,0.1805884087924396,783.4297665588492,-25,36
GTY030 36C 16 03 m-35.csv,307000000,754.23,484.44,406854,GTY030 36C 16,14947901.45,1375.6471008890608,12.934999999999999,10866,660.668062,38065965.604031265,7767073.039413791,0.2040424540968755,714.9790388890608,-35,36
GTY030 36C 16 03 m-50.csv,307000000,754.23,484.44,406854,GTY030 36C 16,20402909.49,1242.9397780154438,19.5419,16415,660.668062,38065965.604031265,9556307.757791385,0.25104598310201154,582.2717160154439,-50,36
GTY030 36C 16 04 m-25.csv,241000000,757.35,379.3,318549,GTY030 36C 16,10658218.19,1306.7912413722054,9.707,8156,660.668062,30798235.56177041,5267420.594747626,0.17102994696507975,646.1231793722054,-25,36
GTY030 36C 16 04 m-35.csv,241000000,757.35,379.3,318549,GTY030 36C 16,12763999.75,1258.624675722687,12.073,10141,660.668062,30798235.56177041,6062929.535125557,0.19685963901943204,597.956613722687,-35,36
GTY030 36C 16 04 m-50.csv,241000000,757.35,379.3,318549,GTY030 36C 16,17948797.11,1165.693814902731,18.3255,15398,660.668062,30798235.56177041,7772612.274140419,0.2523719989916727,505.02575290273103,-50,36
GTY030 36C 16 05 m-25.csv,90278976,722.52,148.78,124950,GTY030 36C 16,37039.23,1277.21,0.0345,29,660.668062,7728505.362929371,17864.02692617788,0.002311446532969319,616.5419380000001,-25,36
GTY030 36C 16 05 m-35.csv,90278976,722.52,148.78,124950,GTY030 36C 16,92564.20999999999,1156.9615110178383,0.0953,80,660.668062,7728505.362929371,39721.815479465855,0.005139650374054979,496.2934490178384,-35,36
GTY030 36C 16 05 m-50.csv,90278976,722.52,148.78,124950,GTY030 36C 16,330575.13,1033.0337237394958,0.38079999999999997,320,660.668062,7728505.362929371,119086.96060334258,0.015408795751705928,372.36566173949586,-50,36
GTY030 36C 16 06 m-25.csv,213000000,742.64,342.16,287364,GTY030 36C 16,6647971.1,1392.7563290470318,5.677,4774,660.668062,23555486.945561443,3490438.4748685644,0.1481794234581199,732.0882670470319,-25,36
GTY030 36C 16 06 m-35.csv,213000000,742.64,342.16,287364,GTY030 36C 16,7568129.6,1342.8423388417448,6.717,5636,660.668062,23555486.945561443,3848294.799316368,0.16337148148157904,682.1742768417448,-35,36
GTY030 36C 16 06 m-50.csv,213000000,742.64,342.16,287364,GTY030 36C 16,9678910.41,1250.6703560959722,9.211,7739,660.668062,23555486.945561443,4564131.293287982,0.19376085511779245,590.0022940959723,-50,36
GTY030 36C 16 07 m-25.csv,324000000,746.79,517.2,434364,GTY030 36C 16,9766827.04,1257.9933138987744,9.2447,7764,660.668062,37408470.9276896,4637686.030258335,0.12397422068447976,597.3252518987745,-25,36
GTY030 36C 16 07 m-35.csv,324000000,746.79,517.2,434364,GTY030 36C 16,12081714.13,1180.6714636287559,12.1882,10233,660.668062,37408470.9276896,5322839.892274799,0.1422896942931408,520.0034016287559,-35,36
GTY030 36C 16 07 m-50.csv,324000000,746.79,517.2,434364,GTY030 36C 16,18159256.4,1059.232359242895,20.4146,17144,660.668062,37408470.9276896,6833401.1106868265,0.18266988575651114,398.564297242895,-50,36
GTY030 36C 17 01 m-25.csv,320000000,780.64,487.39,409332,GTY030 36C 17,18551361.88,1454.0599208460649,15.185599999999999,12758,659.293659,49670776.13167881,10136056.559914002,0.204064791197202,794.7662618460648,-25,36
GTY030 36C 17 01 m-35.csv,320000000,780.64,487.39,409332,GTY030 36C 17,20811351.99,1407.5074164901741,17.6117,14786,659.293659,49670776.13167881,11066865.064911144,0.22280435150786715,748.2137574901741,-35,36
GTY030 36C 17 01 m-50.csv,320000000,780.64,487.39,409332,GTY030 36C 17,25665717.88,1318.938982568174,23.176,19459,659.293659,49670776.13167881,12839455.798283359,0.258491145059734,659.6453235681739,-50,36
GTY030 36C 17 02 m-25.csv,176000000,745.32,281.4,236334,GTY030 36C 17,3282412.52,1220.6284270644778,3.2041999999999997,2689,659.293659,20330740.201058198,1510564.2595382542,0.07429952105037625,561.3347680644778,-25,36
GTY030 36C 17 02 m-35.csv,176000000,745.32,281.4,236334,GTY030 36C 17,4022912.96,1193.350849614492,4.0077,3371,659.293659,20330740.201058198,1797548.5032549757,0.08841530045036997,534.057190614492,-35,36
GTY030 36C 17 02 m-50.csv,176000000,745.32,281.4,236334,GTY030 36C 17,5615589.99,1150.9741719027043,5.8091,4879,659.293659,20330740.201058198,2398774.8950223387,0.11798758290647404,491.6805129027042,-50,36
GTY030 36C 17 03 m-25.csv,252000000,788.76,380.02,319158,GTY030 36C 17,17538832.01,1477.0904316444946,14.132,11874,659.293659,41320062.909901716,9706142.59764172,0.2349014477254291,817.7967726444946,-25,36
GTY030 36C 17 03 m-35.csv,252000000,788.76,380.02,319158,GTY030 36C 17,19640011.01,1425.572967883479,16.409,13777,659.293659,41320062.909901716,10560071.537304949,0.2555676539101878,766.2793088834788,-35,36
GTY030 36C 17 03 m-50.csv,252000000,788.76,380.02,319158,GTY030 36C 17,24630748.509999998,1321.0103513513513,22.2,18645,659.293659,41320062.909901716,12337373.45275888,0.2985807035110399,661.7166923513513,-50,36
GTY030 36C 18 01 m-25.csv,163000000,783.3,248.5,208698,GTY030 36C 18,3493106.14,1232.0845305192115,3.3782,2835,661.118452,25499382.445620205,1619919.0446406316,0.06352777554888865,570.9660785192115,-25,36
GTY030 36C 18 01 m-35.csv,163000000,783.3,248.5,208698,GTY030 36C 18,4760230.7,1191.5727451968503,4.7625,3995,661.118452,25499382.445620205,2121683.523431594,0.08320529047933928,530.4542931968502,-35,36
GTY030 36C 18 01 m-50.csv,163000000,783.3,248.5,208698,GTY030 36C 18,8038178.74,1120.0277688455146,8.5458,7177,661.118452,25499382.445620205,3293648.4756012415,0.1291658134319626,458.9093168455146,-50,36
GTY030 36C 18 02 m-25.csv,223000000,749.58,354.77,297948,GTY030 36C 18,6914155.33,1311.500019126554,6.274,5272,661.118452,26357187.69124044,3426970.649325606,0.13002034547352437,650.3815671265539,-25,36
GTY030 36C 18 02 m-35.csv,223000000,749.58,354.77,297948,GTY030 36C 18,8486481.57,1264.9693655362282,7.991,6709,661.118452,26357187.69124044,4052551.146441588,0.1537550665084202,603.8509135362282,-35,36
GTY030 36C 18 02 m-50.csv,223000000,749.58,354.77,297948,GTY030 36C 18,12287310.74,1155.0036784704564,12.6626,10638,661.118452,26357187.69124044,5252264.27202889,0.1992725602426252,493.88522647045636,-50,36
GTY030 36C 18 03 m-25.csv,156000000,752.16,247.4,207774,GTY030 36C 18,7120971.63,1304.9315360935816,6.497,5457,661.118452,18916334.06836313,3512936.598098597,0.18570916465119178,643.8130840935816,-25,36
GTY030 36C 18 03 m-35.csv,156000000,752.16,247.4,207774,GTY030 36C 18,8447421.63,1252.0364134495642,8.03,6747,661.118452,18916334.06836313,3985110.632770639,0.21067034544687965,590.9179614495641,-35,36
GTY030 36C 18 03 m-50.csv,156000000,752.16,247.4,207774,GTY030 36C 18,12023620.08,1136.4604234799176,12.597999999999999,10580,661.118452,18916334.06836313,5029275.347865962,0.26586945069220574,475.34197147991756,-50,36
GTY030 36C 18 04 m-25.csv,278000000,723.21,457.89,384552,GTY030 36C 18,12777446.35,1236.5714645643693,12.304,10333,661.118452,23877634.09231544,5946396.125465692,0.24903623627348515,575.4530125643693,-25,36
GTY030 36C 18 04 m-35.csv,278000000,723.21,457.89,384552,GTY030 36C 18,14665171.09,1184.7764606238295,14.7348,12378,661.118452,23877634.09231544,6480218.380339634,0.2713928170306106,523.6580086238295,-35,36
GTY030 36C 18 04 m-50.csv,278000000,723.21,457.89,384552,GTY030 36C 18,22050262.85,1045.9873661990905,25.1082,21081,661.118452,23877634.09231544,8115701.412189134,0.3398871672466502,384.86891419909045,-50,36
GTY030 36C 18 05 m-25.csv,155000000,756.26,244.55,205380,GTY030 36C 18,4871779.75,1335.8363528653922,4.3467,3647,661.118452,19540493.460485417,2463085.8316046023,0.1260503393420145,674.7179008653922,-25,36
GTY030 36C 18 05 m-35.csv,155000000,756.26,244.55,205380,GTY030 36C 18,5888348.25,1283.9837955669536,5.459,4586,661.118452,19540493.460485417,2855649.542732846,0.1461400935706926,622.8653435669536,-35,36
GTY030 36C 18 05 m-50.csv,155000000,756.26,244.55,205380,GTY030 36C 18,8248078.98,1177.962246034222,8.3338,7002,661.118452,19540493.460485417,3617429.08433896,0.18512475601775805,516.843794034222,-50,36
GTY030 36C 2 01 m-25.csv,231000000,750.67,366.42,NA,GTY030 36C 2,5163536.02,1008.033928922855,6.0976,NA,666.136051,26014050.21632653,1750866.2974908885,0.06730464048970111,341.89787792285506,-25,36
GTY030 36C 2 01 m-35.csv,231000000,750.67,366.42,NA,GTY030 36C 2,6708762.91,990.9587040393258,8.0558,NA,666.136051,26014050.21632653,2197620.163226842,0.08447820100876126,324.8226530393258,-35,36
GTY030 36C 2 01 m-50.csv,231000000,750.67,366.42,NA,GTY030 36C 2,11772929.81,941.5550546394869,14.8885,NA,666.136051,26014050.21632653,3443836.260759638,0.13238370158131976,275.41900363948696,-50,36
GTY030 36C 2 02 m-25.csv,328000000,767.44,509.35,NA,GTY030 36C 2,11644438.12,1220.9633183267845,11.3506,NA,666.136051,43335152.786722146,5289008.466044679,0.12204891700913137,554.8272673267845,-25,36
GTY030 36C 2 02 m-35.csv,328000000,767.44,509.35,NA,GTY030 36C 2,14205816.13,1169.007831733562,14.4604,NA,666.136051,43335152.786722146,6107102.627126564,0.14092722038348912,502.871780733562,-35,36
GTY030 36C 2 02 m-50.csv,328000000,767.44,509.35,NA,GTY030 36C 2,25854882.71,1027.2846656190677,29.9733,NA,666.136051,43335152.786722146,9091136.113682458,0.2097866403846619,361.14861461906776,-50,36
GTY030 36C 2 03 m-25.csv,226000000,764.32,351.52,NA,GTY030 36C 2,5719975.25,1272.8050621065804,5.3537,NA,666.136051,28985992.90541701,2727743.2474689675,0.0941055652766408,606.6690111065805,-25,36
GTY030 36C 2 03 m-35.csv,226000000,764.32,351.52,NA,GTY030 36C 2,7381389.99,1205.7075010976346,7.2884,NA,666.136051,28985992.90541701,3302773.6263471907,0.11394378095393641,539.5714500976346,-35,36
GTY030 36C 2 03 m-50.csv,226000000,764.32,351.52,NA,GTY030 36C 2,16238798.27,1052.016435838012,18.3816,NA,666.136051,28985992.90541701,5957083.129199969,0.20551592448940006,385.8803848380121,-50,36
GTY030 36C 2 04 m-25.csv,178000000,719.79,294.73,NA,GTY030 36C 2,192710.5,913.3181528662421,0.2512,NA,666.136051,13280783.059351645,52147.59720231799,0.003926545367789766,247.1821018662422,-25,36
GTY030 36C 2 04 m-35.csv,178000000,719.79,294.73,NA,GTY030 36C 2,516282.21,897.8887361192285,0.6844,NA,666.136051,13280783.059351645,133208.6484383976,0.010030180287042556,231.75268511922854,-35,36
GTY030 36C 2 04 m-50.csv,178000000,719.79,294.73,NA,GTY030 36C 2,2389693.01,878.5599191308105,3.2398000000000002,NA,666.136051,13280783.059351645,577988.4504662805,0.04352066048238704,212.42386813081055,-50,36
GTY030 36C 2 05 m-25.csv,290000000,746.78,462.31,NA,GTY030 36C 2,4938002.45,1150.937113627917,5.1123,NA,666.136051,31311416.86586882,2081505.3938630219,0.06647752169056195,484.80106262791696,-25,36
GTY030 36C 2 05 m-35.csv,290000000,746.78,462.31,NA,GTY030 36C 2,6263297.46,1116.4794271222956,6.683800000000001,NA,666.136051,31311416.86586882,2527928.997502478,0.08073505610849761,450.3433761222957,-35,36
GTY030 36C 2 05 m-50.csv,290000000,746.78,462.31,NA,GTY030 36C 2,11176458.14,1012.9483263483758,13.147300000000001,NA,666.136051,31311416.86586882,3829381.899460571,0.12229986001159882,346.8122753483758,-50,36
GTY030 36C 2 06 m-25.csv,191000000,736.8,308.63,NA,GTY030 36C 2,3424774.02,1000.1394059187819,4.0853,NA,666.136051,18316128.814873606,1145967.8389600236,0.0625660504216066,334.00335491878195,-25,36
GTY030 36C 2 06 m-35.csv,191000000,736.8,308.63,NA,GTY030 36C 2,4182476.6599999997,980.9133174991132,5.0733999999999995,NA,666.136051,18316128.814873606,1341220.2770274635,0.07322618718090289,314.77726649911324,-35,36
GTY030 36C 2 06 m-50.csv,191000000,736.8,308.63,NA,GTY030 36C 2,6812540.9799999995,933.9477547732216,8.6891,NA,666.136051,18316128.814873606,1954348.4297101707,0.10670095463202589,267.81170377322167,-50,36
GTY030 36C 2 07 m-25.csv,104000000,720.26,172.56,NA,GTY030 36C 2,2835812.33,1007.0121469095254,3.3489999999999998,NA,666.136051,7843813.420206607,958758.7513235918,0.1222312031101752,340.8760959095255,-25,36
GTY030 36C 2 07 m-35.csv,104000000,720.26,172.56,NA,GTY030 36C 2,3441412.69,978.7726421404683,4.186,NA,666.136051,7843813.420206607,1099098.6566843037,0.14012299857272142,312.63659114046834,-35,36
GTY030 36C 2 07 m-50.csv,104000000,720.26,172.56,NA,GTY030 36C 2,5357995.58,908.2896910768179,7.0244,NA,666.136051,7843813.420206607,1428558.0157517428,0.18212544577763737,242.15364007681796,-50,36
GTY030 36C 2 08 m-25.csv,258000000,723.26,424.15,NA,GTY030 36C 2,9216209.12,1062.1466535086447,10.3359,NA,666.136051,20348637.749517106,3437579.563676074,0.16893413731136137,396.01060250864475,-25,36
GTY030 36C 2 08 m-35.csv,258000000,723.26,424.15,NA,GTY030 36C 2,11652173.76,1017.3914702648015,13.640400000000001,NA,666.136051,20348637.749517106,4023905.619332828,0.19774815733934423,351.2554192648015,-35,36
GTY030 36C 2 08 m-50.csv,258000000,723.26,424.15,NA,GTY030 36C 2,19579142.77,933.9902785745188,24.9628,NA,666.136051,20348637.749517106,5615513.153688754,0.2759650657116846,267.85422757451886,-50,36
GTY030 36C 4 01 m-25.csv,266000000,753.99,419.6,352401,GTY030 36C 4,7581601.359999999,1144.9864794591786,7.8843,6622,664.245035,31625923.670110013,3183261.7540518194,0.10065355836738306,480.7414444591785,-25,36
GTY030 36C 4 01 m-35.csv,266000000,753.99,419.6,352401,GTY030 36C 4,9705215.95,1105.1304012133044,10.4508,8782,664.245035,31625923.670110013,3869660.5234080795,0.12235723338146597,440.88536621330434,-35,36
GTY030 36C 4 01 m-50.csv,266000000,753.99,419.6,352401,GTY030 36C 4,16673734.45,1009.4918148082251,19.6715,16517,664.245035,31625923.670110013,5703806.188794406,0.18035224040539666,345.24677980822503,-50,36
GTY030 36C 4 02 m-25.csv,146000000,726.61,238.77,200529,GTY030 36C 4,145303.52,802.78,0.216,181,664.245035,12505990.335978834,25131.05941043083,0.0020095217360060307,138.53496499999994,-25,36
GTY030 36C 4 02 m-35.csv,146000000,726.61,238.77,200529,GTY030 36C 4,239236.91999999998,827.8030384167637,0.3436,289,664.245035,12505990.335978834,47197.89197446879,0.003774022744818845,163.55800341676365,-35,36
GTY030 36C 4 02 m-50.csv,146000000,726.61,238.77,200529,GTY030 36C 4,849769.04,873.3253509453509,1.1583,973,664.245035,12505990.335978834,203391.05564751822,0.016263490549994812,209.0803159453509,-50,36
GTY030 36C 4 03 m-25.csv,232000000,747.05,369.62,310422,GTY030 36C 4,8722904.9,1244.0122777505057,8.3521,7012,664.245035,25704519.327538397,4066745.6018951028,0.15821130712754536,579.7672427505057,-25,36
GTY030 36C 4 03 m-35.csv,232000000,747.05,369.62,310422,GTY030 36C 4,11266912.59,1159.037069388319,11.581199999999999,9721,664.245035,25704519.327538397,4812535.070679431,0.18722525052330186,494.79203438831894,-35,36
GTY030 36C 4 03 m-50.csv,232000000,747.05,369.62,310422,GTY030 36C 4,19698186.81,1022.8614008128238,22.932399999999998,19258,664.245035,25704519.327538397,6906806.036252624,0.268700065861689,358.6163658128238,-50,36
GTY030 36C 4 04 m-25.csv,183000000,730.61,298.66,250824,GTY030 36C 4,7128782.67,1103.8643847743847,7.6923,6458,664.245035,16646141.30083144,2840080.561240866,0.17061494973006205,439.61934977438466,-25,36
GTY030 36C 4 04 m-35.csv,183000000,730.61,298.66,250824,GTY030 36C 4,9052334.67,1066.1045955518618,10.1076,8491,664.245035,16646141.30083144,3411300.6586327353,0.2049304158232964,401.8595605518618,-35,36
GTY030 36C 4 04 m-50.csv,183000000,730.61,298.66,250824,GTY030 36C 4,16877576.5,958.5209152773538,20.9696,17608,664.245035,16646141.30083144,5182537.5821483135,0.31133567164237974,294.27588027735374,-50,36
GTY030 36C 4 05 m-25.csv,197000000,714.61,327.61,275142,GTY030 36C 4,6492661.95,1106.7746052612738,6.983099999999999,5866,664.245035,13857450.393592,2595303.806241287,0.18728580889897425,442.52957026127376,-25,36
GTY030 36C 4 05 m-35.csv,197000000,714.61,327.61,275142,GTY030 36C 4,7982073.55,1066.3249719290366,8.905999999999999,7486,664.245035,13857450.393592,3007410.698152346,0.2170248215027377,402.07993692903653,-35,36
GTY030 36C 4 05 m-50.csv,197000000,714.61,327.61,275142,GTY030 36C 4,12799124.74,958.802816265155,15.8941,13349,664.245035,13857450.393592,3931914.6982501885,0.2837401243787526,294.557781265155,-50,36
GTY030 36C 4 06 m-25.csv,205000000,762.81,320.56,269220,GTY030 36C 4,12195351.7,1128.8313547674943,12.8642,10803,664.245035,26535638.85143191,5019342.684767784,0.18915477079222198,464.5863197674943,-25,36
GTY030 36C 4 06 m-35.csv,205000000,762.81,320.56,269220,GTY030 36C 4,14577080.27,1087.3214804070226,15.9598,13406,664.245035,26535638.85143191,5670794.871426051,0.21370485569146358,423.07644540702256,-35,36
GTY030 36C 4 06 m-50.csv,205000000,762.81,320.56,269220,GTY030 36C 4,25215374.03,969.9410789270495,30.9539,25997,664.245035,26535638.85143191,7946993.175538335,0.29948377048813735,305.69604392704946,-50,36
GTY030 36C 4 07 m-25.csv,152000000,726.03,248.72,208887,GTY030 36C 4,843655.1200000001,989.0104532019703,1.0150000000000001,853,664.245035,12905985.130427469,276842.94908457197,0.02145074136432098,324.7654182019703,-25,36
GTY030 36C 4 07 m-35.csv,152000000,726.03,248.72,208887,GTY030 36C 4,1039984.19,974.6830448465776,1.271,1067,664.245035,12905985.130427469,331373.7385697489,0.025675973993530644,310.43800984657753,-35,36
GTY030 36C 4 07 m-50.csv,152000000,726.03,248.72,208887,GTY030 36C 4,1714994.5,932.06,2.19,1840,664.245035,12905985.130427469,492579.804610733,0.03816677298421914,267.8149649999999,-50,36
GTY030 36C 4 08 m-25.csv,100000000,742.61,161.08,135282,GTY030 36C 4,3385130.5,1196.58,3.37,2829,664.245035,10601350.938271603,1506650.5686151,0.14211873348857723,532.3349649999999,-25,36
GTY030 36C 4 08 m-35.csv,100000000,742.61,161.08,135282,GTY030 36C 4,3914202.5,1151.24,4.05,3400,664.245035,10601350.938271603,1656445.4591836731,0.1562485261386633,486.994965,-35,36
GTY030 36C 4 08 m-50.csv,100000000,742.61,161.08,135282,GTY030 36C 4,5984349.42,1033.3910297316895,6.8950000000000005,5791,664.245035,10601350.938271603,2137617.9001217764,0.2016363680976572,369.1459947316895,-50,36
GTY030 36C 5 01 m-25.csv,255000000,766.59,395.52,NA,GTY030 36C 5,27160030.03,1062.6411129003106,30.4295,NA,663.73694,34165148.47669438,10194385.260157892,0.2983855102257773,398.90417290031064,-25,36
GTY030 36C 5 01 m-35.csv,255000000,766.59,395.52,NA,GTY030 36C 5,38351581.97,998.5816098551942,45.730199999999996,NA,663.73694,34165148.47669438,12860093.82834635,0.37640971579909305,334.8446698551942,-35,36
GTY030 36C 5 01 total spill over m-50.csv,255000000,766.59,395.52,NA,GTY030 36C 5,75327320.94,899.539319711859,99.7151,NA,663.73694,34165148.47669438,19747256.129340712,0.577994155149398,235.80237971185898,-50,36
GTY030 36C 5 02 m-25.csv,156000000,748.02,247.55,NA,GTY030 36C 5,5503194.89,1189.132401965228,5.515899999999999,NA,663.73694,17522693.79608633,2433886.645380029,0.13889911412614162,525.3954619652279,-25,36
GTY030 36C 5 02 m-35.csv,156000000,748.02,247.55,NA,GTY030 36C 5,7589847.9399999995,1089.3762727382243,8.301,NA,663.73694,17522693.79608633,2967357.10175527,0.1693436600722901,425.6393327382243,-35,36
GTY030 36C 5 02 m-50.csv,156000000,748.03,247.55,NA,GTY030 36C 5,16321388,925.0328598077472,21.014,NA,663.73694,17524772.82522885,4611465.90983455,0.26313983957588505,261.29591980774717,-50,36
GTY030 36C 5 03 m-25.csv,152000000,715.65,253.52,NA,GTY030 36C 5,2180048.67,942.1390406976744,2.752,NA,663.73694,11053161.141513389,643455.5984882842,0.058214622066043886,278.4021006976744,-25,36
GTY030 36C 5 03 m-35.csv,152000000,715.65,253.52,NA,GTY030 36C 5,2879204.23,917.5191176470588,3.74,NA,663.73694,11053161.141513389,797132.2284370537,0.0721180319576804,253.7821776470588,-35,36
GTY030 36C 5 03 m-50.csv,152000000,715.65,253.52,NA,GTY030 36C 5,6090483.04,848.1412707246918,8.5526,NA,663.73694,11053161.141513389,1324545.6277450232,0.11983410092252285,184.40433072469182,-50,36
GTY030 36C 5 04 m-25.csv,172000000,708.36,288.88,NA,GTY030 36C 5,7521303.85,987.552859410656,9.0711,NA,663.73694,10826160.72293609,2466924.1509750574,0.22786694324135431,323.81591941065597,-25,36
GTY030 36C 5 04 m-35.csv,172000000,708.36,288.88,NA,GTY030 36C 5,10725027.92,939.3099212714295,13.591,NA,663.73694,10826160.72293609,3145471.057747542,0.29054353969488084,275.5729812714295,-35,36
GTY030 36C 5 04 m-50.csv,172000000,708.36,288.88,NA,GTY030 36C 5,20865847.36,863.943933386422,28.7569,NA,663.73694,10826160.72293609,4835250.262966323,0.4466264991542622,200.20699338642203,-50,36
GTY030 36C 6 01 m-25.csv,134000000,729.7,218.99,NA,GTY030 36C 6,3756232.33,1163.2815803176256,3.8409999999999997,NA,656.148697,13527336.729629643,1635926.2659133282,0.1209348372566251,507.13288331762567,-25,36
GTY030 36C 6 01 m-35.csv,134000000,729.7,218.99,NA,GTY030 36C 6,4876025.41,1104.424351464435,5.258,NA,656.148697,13527336.729629643,1979535.895837742,0.14633596659879541,448.275654464435,-35,36
GTY030 36C 6 01 m-50.csv,134000000,729.7,218.99,NA,GTY030 36C 6,9404759.18,952.1888443847402,11.7617,NA,656.148697,13527336.729629643,2924275.9733728883,0.2161752924334094,296.0401473847402,-50,36
GTY030 36C 6 02 m-25.csv,203000000,732.37,330.29,NA,GTY030 36C 6,3553463.14,1186.0888599439777,3.57,NA,656.148697,21143137.791106082,1588885.8500965822,0.07514900890278223,529.9401629439777,-25,36
GTY030 36C 6 02 m-35.csv,203000000,732.37,330.29,NA,GTY030 36C 6,5257243.41,1132.7813958371041,5.525,NA,656.148697,21143137.791106082,2211636.5676282863,0.10460304376196314,476.63269883710416,-35,36
GTY030 36C 6 02 m-50.csv,203000000,732.37,330.29,NA,GTY030 36C 6,11432962.97,996.3246455234804,13.6624,NA,656.148697,21143137.791106082,3903266.884275803,0.1846115237407062,340.17594852348043,-50,36
GTY030 36C 6 03 -25.csv,107000000,736.54,173.01,NA,GTY030 36C 6,2215910.21,1131.7367580299788,2.335,NA,656.148697,11680943.421541948,932643.0860040316,0.0798431301605361,475.5880610299788,NA,36
GTY030 36C 6 03 m-35.csv,107000000,736.54,173.01,NA,GTY030 36C 6,3443914.18,1075.897283090066,3.8161,NA,656.148697,11680943.421541948,1345261.257561351,0.11516717520268317,419.74858609006594,-35,36
GTY030 36C 6 03 m-50.csv,107000000,736.54,173.01,NA,GTY030 36C 6,8604268.72,957.3082994392523,10.7,NA,656.148697,11680943.421541948,2706313.719744688,0.23168622790807422,301.15960243925235,-50,36
GTY030 36C 6 04 m-25.csv,114000000,691.16,195.74,NA,GTY030 36C 6,1487008.26,941.7475000000001,1.88,NA,656.148697,5755532.417250357,450932.85432098777,0.0783477220924795,285.5988030000001,-25,36
GTY030 36C 6 04 m-35.csv,114000000,691.16,195.74,NA,GTY030 36C 6,1994842.8599999999,908.8413126674322,2.613,NA,656.148697,5755532.417250357,554535.8232459902,0.09634831029427399,252.69261566743228,-35,36
GTY030 36C 6 04 m-50.csv,114000000,691.16,195.74,NA,GTY030 36C 6,3537587.94,839.8731830873555,5.013999999999999,NA,656.148697,5755532.417250357,773657.9938204422,0.13441988294630247,183.72448608735556,-50,36
GTY030 36C 6 05 m-25.csv,206000000,749.78,326.84,NA,GTY030 36C 6,22988538.31,1046.4557042668239,26.150599999999997,NA,656.148697,25701230.42959603,8572068.887403883,0.3335275682962163,390.3070072668239,-25,36
GTY030 36C 6 05 m-35.csv,206000000,749.78,326.84,NA,GTY030 36C 6,31706818.67,977.3689346350407,38.6262,NA,656.148697,25701230.42959603,10420355.373258257,0.40544188737589726,321.2202376350407,-35,36
GTY030 36C 6 05 over spill m-50.csv,206000000,749.78,326.84,NA,GTY030 36C 6,63612443.81,877.1150746825211,86.3522,NA,656.148697,25701230.42959603,16024970.890162596,0.6235098717962226,220.96637768252117,-50,36
GTY030 36C 6 06 m-25.csv,135000000,760.34,211.79,NA,GTY030 36C 6,13430379.41,1103.29738356051,14.496799999999999,NA,656.148697,18532523.77792056,5444045.586067357,0.29375629845695017,447.1486865605101,-25,36
GTY030 36C 6 06 m-35.csv,135000000,760.34,211.79,NA,GTY030 36C 6,17117630.53,1032.4662367290703,19.7424,NA,656.148697,18532523.77792056,6239532.540813972,0.33668013140485925,376.3175397290703,-35,36
GTY030 36C 6 06 m-50.csv,135000000,760.34,211.79,NA,GTY030 36C 6,37258204.16,885.1825980069361,50.1138,NA,656.148697,18532523.77792056,9639505.423936674,0.5201399193897742,229.03390100693616,-50,36
GTY030 36C 7 01 m-25.csv,255000000,789.93,383.62,NA,GTY030 36C 7,13993146.24,1466.4581728568915,11.362,NA,655.862071,43194036.21649448,7734939.875113798,0.17907425544455283,810.5961018568914,-25,36
GTY030 36C 7 01 m-35.csv,255000000,789.93,383.62,NA,GTY030 36C 7,16083920.65,1410.8805610561053,13.5744,NA,655.862071,43194036.21649448,8607477.107094647,0.19927466523278312,755.0184900561053,-35,36
GTY030 36C 7 01 m-50.csv,255000000,789.93,383.62,NA,GTY030 36C 7,21377825,1300.9829422045966,19.5673,NA,655.862071,43194036.21649448,10601556.75075309,0.2454402894329352,645.1208712045966,-50,36
GTY030 36C 7 02 m-25.csv,265000000,770.57,409.88,NA,GTY030 36C 7,7685201.74,1348.3090978717137,6.7895,NA,655.862071,39486424.7405056,3948407.7340602167,0.0999940551723311,692.4470268717137,-25,36
GTY030 36C 7 02 m-35.csv,265000000,770.57,409.88,NA,GTY030 36C 7,8822682.48,1317.9803004878538,7.9737,NA,655.862071,39486424.7405056,4433973.399233475,0.11229108303353325,662.1182294878538,-35,36
GTY030 36C 7 02 m-50.csv,265000000,770.57,409.88,NA,GTY030 36C 7,11564083.18,1246.5347620814816,11.0479,NA,655.862071,39486424.7405056,5480551.628285128,0.13879584349056345,590.6726910814816,-50,36
GTY030 36C 7 03 m-25.csv,277000000,782.11,421.83,NA,GTY030 36C 7,15764130.86,1347.5990856198819,13.922,NA,655.862071,44725929.19297052,8087984.141713275,0.18083434570621387,691.7370146198818,-25,36
GTY030 36C 7 03 m-35.csv,277000000,782.11,421.83,NA,GTY030 36C 7,18370583.89,1311.4325909052764,16.682199999999998,NA,655.862071,44725929.19297052,9184814.417707061,0.20535771046989493,655.5705199052763,-35,36
GTY030 36C 7 03 m-50.csv,277000000,782.11,421.83,NA,GTY030 36C 7,23884004.35,1240.6676484293196,22.919999999999998,NA,655.862071,44725929.19297052,11257028.499773245,0.2516890918286945,584.8055774293196,-50,36
GTY030 36C 7 04 m-25.csv,229000000,769.89,354.24,NA,GTY030 36C 7,12228860.68,1350.6672282573402,10.7795,NA,655.862071,33923955.29433106,6290125.298274543,0.18541839368965532,694.8051572573402,-25,36
GTY030 36C 7 04 m-35.csv,229000000,769.89,354.24,NA,GTY030 36C 7,14079084.71,1315.1905535556027,12.750300000000001,NA,655.862071,33923955.29433106,7060246.872536072,0.20811980240157582,659.3284825556027,-35,36
GTY030 36C 7 04 m-50.csv,229000000,769.89,354.24,NA,GTY030 36C 7,18068182.11,1243.0884657613408,17.305,NA,655.862071,33923955.29433106,8534435.84559083,0.25157549500181653,587.2263947613408,-50,36
GTY030 36C 7 05 m-25.csv,281000000,770.67,434.86,NA,GTY030 36C 7,14281164.71,1326.505962568097,12.8126,NA,655.862071,41929433.11072476,7216504.514239858,0.1721107102779792,670.6438915680969,-25,36
GTY030 36C 7 05 m-35.csv,281000000,770.67,434.86,NA,GTY030 36C 7,16651617.75,1281.780827943079,15.46,NA,655.862071,41929433.11072476,8126903.487309987,0.1938233571116724,625.918756943079,-35,36
GTY030 36C 7 05 m-50.csv,281000000,770.67,434.86,NA,GTY030 36C 7,22230398.71,1186.6267579974178,22.3072,NA,655.862071,41929433.11072476,9943624.780203912,0.23715142425001018,530.7646869974178,-50,36
GTY030 36C 8 01 m-25.csv,138000000,749.89,219.39,NA,GTY030 36C 8,2840364.87,1121.8515947262067,3.0187,NA,662.311342,16136627.008163266,1165040.8674767786,0.07219853733295085,459.54025272620675,-25,36
GTY030 36C 8 01 m-35.csv,138000000,749.89,219.39,NA,GTY030 36C 8,3425968.63,1114.0895501352054,3.6611000000000002,NA,662.311342,16136627.008163266,1389103.2147508194,0.08608386461731402,451.77820813520543,-35,36
GTY030 36C 8 01 m-50.csv,138000000,749.89,219.39,NA,GTY030 36C 8,4657773.4799999995,1086.5255114070303,5.1065,NA,662.311342,16136627.008163266,1819307.6812606032,0.11274398796850445,424.21416940703034,-50,36
GTY030 36C 8 02 m-25.csv,317000000,783.33,482.42,NA,GTY030 36C 8,24135312.48,1434.0584144332986,20.037,NA,662.311342,49031511.709381066,12986895.179596879,0.26486834133470394,771.7470724332986,-25,36
GTY030 36C 8 02 m-35.csv,317000000,783.33,482.42,NA,GTY030 36C 8,26935348.16,1381.2926100628931,23.214,NA,662.311342,49031511.709381066,14017326.914262198,0.28588404529204636,718.9812680628932,-35,36
GTY030 36C 8 02 m-50.csv,317000000,783.33,482.42,NA,GTY030 36C 8,33151150.57,1283.2858873169844,30.7624,NA,662.311342,49031511.709381066,16043224.45020509,0.3272023213417583,620.9745453169844,-50,36
GTY030 36C 8 03 m-25.csv,196000000,727.96,321.24,NA,GTY030 36C 8,4088506.71,1159.522060085837,4.194,NA,662.311342,17711409.167649303,1751324.2224338625,0.09888113395475817,497.210718085837,-25,36
GTY030 36C 8 03 m-35.csv,196000000,727.96,321.24,NA,GTY030 36C 8,4764348.72,1135.7142196878751,4.998,NA,662.311342,17711409.167649303,1987123.1902947845,0.11219452791618387,473.40287768787516,-35,36
GTY030 36C 8 03 m-50.csv,196000000,727.96,321.24,NA,GTY030 36C 8,6291454.54,1093.2109935897436,6.864,NA,662.311342,17711409.167649303,2483996.9837171407,0.1402484105135053,430.8996515897436,-50,36
GTY030 36C 8 04 m-25.csv,348000000,727.73,569.73,NA,GTY030 36C 8,10733730.07,1176.7280956151092,10.862300000000001,NA,662.311342,31301731.77319226,4692826.994871421,0.149922279983579,514.4167536151092,-25,36
GTY030 36C 8 04 m-35.csv,348000000,727.73,569.73,NA,GTY030 36C 8,12366986.28,1149.632113162169,12.8064,NA,662.311342,31301731.77319226,5241307.402209793,0.16744464620001012,487.32077116216897,-35,36
GTY030 36C 8 04 m-50.csv,348000000,727.73,569.73,NA,GTY030 36C 8,16109832.84,1094.417102421877,17.5236,NA,662.311342,31301731.77319226,6359325.189660538,0.20316208814704798,432.105760421877,-50,36
GTY030 36C 8 05 m-25.csv,118000000,766.77,183.71,NA,GTY030 36C 8,9010117.4,1304.1026461650663,8.227,NA,662.311342,16116654.120416563,4434380.666302176,0.2751427581165688,641.7913041650663,-25,36
GTY030 36C 8 05 m-35.csv,118000000,766.77,183.71,NA,GTY030 36C 8,10099955.47,1268.673879101171,9.479000000000001,NA,662.311342,16116654.120416563,4827169.3030839,0.29951435744773147,606.362537101171,-35,36
GTY030 36C 8 05 m-50.csv,118000000,766.77,183.71,NA,GTY030 36C 8,12844154.52,1180.5262166438954,12.9549,NA,662.311342,16116654.120416563,5638214.394494164,0.34983777354579315,518.2148746438954,-50,36
GTY030 36C 8 06 m-25.csv,122000000,721.67,201.19,NA,GTY030 36C 8,1954222.91,1174.3922177419356,1.984,NA,662.311342,10029703.874208447,853253.0926950536,0.08507261065695153,512.0808757419356,-25,36
GTY030 36C 8 06 m-35.csv,122000000,721.67,201.19,NA,GTY030 36C 8,2239390.43,1151.9556587473003,2.315,NA,662.311342,10029703.874208447,951983.365474091,0.09491639807254254,489.6443167473003,-35,36
GTY030 36C 8 06 m-50.csv,122000000,721.67,201.19,NA,GTY030 36C 8,2872303.31,1105.596468305304,3.092,NA,662.311342,10029703.874208447,1151119.1824439403,0.1147710038981373,443.28512630530395,-50,36
GTY030 36C 9 01 m-25.csv,207000000,766.02,322.29,NA,GTY030 36C 9,6649960.25,1431.4953955924855,5.5360000000000005,NA,660.480988,28566530.761300065,3584728.1098782225,0.12548699524740894,771.0144075924854,-25,36
GTY030 36C 9 01 m-35.csv,207000000,766.02,322.29,NA,GTY030 36C 9,7765703.61,1386.573401891608,6.661,NA,660.480988,28566530.761300065,4061897.681138826,0.14219079366268728,726.092413891608,-35,36
GTY030 36C 9 01 m-50.csv,207000000,766.02,322.29,NA,GTY030 36C 9,10124024.97,1294.8066766917293,9.31,NA,660.480988,28566530.761300065,4959748.183186361,0.1736209490970279,634.3256886917293,-50,36
GTY030 36C 9 02 m-25.csv,168000000,825.99,242.65,NA,GTY030 36C 9,17445687.12,1508.3870287539937,13.772,NA,660.480988,33728698.88452171,9807140.331959352,0.29076545067855863,847.9060407539937,-25,36
GTY030 36C 9 02 m-35.csv,168000000,825.99,242.65,NA,GTY030 36C 9,19642489.42,1442.8009029233995,16.214,NA,660.480988,33728698.88452171,10653006.719213905,0.31584398662062324,782.3199149233994,-35,36
GTY030 36C 9 02 m-50.csv,168000000,825.99,242.65,NA,GTY030 36C 9,25964454.94,1293.643265087425,23.8891,NA,660.480988,33728698.88452171,12703180.443074835,0.3766282383606679,633.1622770874251,-50,36
GTY030 36C 9 03 m-25.csv,188000000,756.49,295.73,NA,GTY030 36C 9,6177820.97,1256.2150187905704,5.854,NA,660.480988,23845422.96024187,2928888.062692533,0.12282810280094207,595.7340307905704,-25,36
GTY030 36C 9 03 m-35.csv,188000000,756.49,295.73,NA,GTY030 36C 9,7231249.44,1223.0796929201022,7.034,NA,660.480988,23845422.96024187,3323523.3815469877,0.1393778330998108,562.5987049201021,-35,36
GTY030 36C 9 03 m-50.csv,188000000,756.49,295.73,NA,GTY030 36C 9,9665385.91,1152.6694456140349,9.975000000000001,NA,660.480988,23845422.96024187,4123271.9112286875,0.17291670263528278,492.18845761403486,-50,36
GTY030 36C 9 04 m-25.csv,103000000,708.62,172.46,NA,GTY030 36C 9,3570110.7199999997,1170.9092845349476,3.634,NA,660.480988,6972414.554060634,1557820.1306861502,0.22342620603057775,510.42829653494755,-25,36
GTY030 36C 9 04 m-35.csv,103000000,708.62,172.46,NA,GTY030 36C 9,4165673.59,1138.1595048143056,4.362,NA,660.480988,6972414.554060634,1749923.314305871,0.25097809384938835,477.67851681430557,-35,36
GTY030 36C 9 04 m-50.csv,103000000,708.62,172.46,NA,GTY030 36C 9,5496193,1072.843647097409,6.098,NA,660.480988,6972414.554060634,2111856.466932057,0.3028873929623335,412.36265909740905,-50,36
GTY030 36C 9 05 m-25.csv,234000000,735.76,378.92,NA,GTY030 36C 9,4651820.6,1127.4581650534897,4.9075,NA,660.480988,23956263.73313176,1924658.181229529,0.08034049894715874,466.97717705348964,-25,36
GTY030 36C 9 05 m-35.csv,234000000,735.76,378.92,NA,GTY030 36C 9,5784547.390000001,1105.0029942326178,6.242,NA,660.480988,23956263.73313176,2330315.245573192,0.09727373481660005,444.52200623261774,-35,36
GTY030 36C 9 05 m-50.csv,234000000,735.76,378.92,NA,GTY030 36C 9,8253130.76,1064.6512012142236,9.224,NA,660.480988,23956263.73313176,3130986.853689425,0.13069595862560313,404.1702132142236,-50,36
GTY030 36C 9 06 m-25.csv,167000000,756.78,263.52,NA,GTY030 36C 9,7420779.45,1392.7832053485547,6.3419,NA,660.480988,21312434.401814044,3900384.1708262353,0.18300979124628988,732.3022173485547,-25,36
GTY030 36C 9 06 m-35.csv,167000000,756.78,263.52,NA,GTY030 36C 9,8445485.49,1335.0387159533072,7.5301,NA,660.480988,21312434.401814044,4265967.201865456,0.2001633000452708,674.5577279533072,-35,36
GTY030 36C 9 06 m-50.csv,167000000,756.78,263.52,NA,GTY030 36C 9,10798429.64,1226.5237275486247,10.4782,NA,660.480988,21312434.401814044,4981195.123489039,0.233722484704284,566.0427395486247,-50,36
